/*!
 * Copyright (c) 2022, ErBW_s
 * All rights reserved.
 *
 * @author  Baohan
 */

#include "profile_photo_erbws.h"

/*
 * Profile photo of ErBW_s
 * 阴码 逐行式 逆向
 * 29 * 28 pix
 */
const uint8_t DAPLink_logo[738] = {
    0x00,0x00,0x00,0x00,0x00,0x00,0x00,0x00,0x00,0x00,0x00,0x00,0x00,0x00,0x00,0x00,
    0x00,0x00,0x00,0x00,0x00,0x00,0x00,0x00,0x00,0x00,0x00,0x00,0x00,0x00,0x00,0x00,
    0x00,0x00,0x00,0x00,0x00,0x00,0x00,0x00,0x00,0x00,0x00,0x00,0x00,0x00,0x00,0x00,
    0x00,0x00,0x00,0x00,0x00,0x00,0x00,0x00,0x00,0x00,0x00,0x00,0x00,0x00,0x00,0x00,
    0x00,0x00,0x00,0x00,0x00,0x00,0x00,0x00,0x00,0x00,0x00,0x00,0x00,0x00,0x00,0x00,
    0x00,0x00,0x00,0x00,0x00,0x00,0x00,0x00,0x00,0x00,0x00,0x00,0x00,0x00,0x00,0x00,
    0x00,0x00,0x00,0x00,0x00,0x00,0x00,0x00,0x00,0x00,0x00,0x00,0x00,0x00,0x00,0x00,
    0x00,0x00,0x00,0x00,0x00,0x00,0x00,0x00,0x00,0x00,0x00,0x00,0x00,0x00,0x00,0x00,
    0x00,0x00,0x00,0x00,0x00,0x00,0x00,0x00,0x00,0x00,0x00,0x00,0x00,0x00,0x00,0x00,
    0x00,0x00,0x00,0x00,0x00,0x00,0x00,0x00,0x00,0x00,0x00,0x00,0x00,0x00,0x00,0x00,
    0x00,0x00,0x00,0x00,0x00,0x00,0x00,0x00,0x00,0x00,0x00,0x00,0x00,0x00,0x00,0x00,
    0x00,0x00,0x00,0x00,0x00,0x18,0x00,0x00,0x00,0x00,0xFC,0x01,0x03,0x00,0x00,0xC0,
    0x00,0x60,0x40,0x00,0x00,0x00,0x00,0x7C,0x00,0x00,0x80,0x01,0xFE,0x07,0x03,0xC0,
    0xFF,0xC3,0x01,0xE0,0xE0,0x80,0x03,0x00,0x00,0xFC,0x03,0x00,0xC0,0x01,0x8E,0x0F,
    0x03,0xC0,0xFF,0xC7,0x03,0xE0,0xE0,0xC0,0x01,0x00,0x00,0xFC,0x0F,0x00,0xC0,0x03,
    0x0E,0x0E,0x03,0x80,0xFF,0xC7,0x03,0xE0,0xE0,0xE0,0x01,0x00,0x00,0x9C,0x1F,0x00,
    0xE0,0x03,0x0E,0x1C,0x03,0x00,0x18,0xC0,0x07,0xE0,0xE0,0xF0,0x00,0x00,0x00,0x1C,
    0x3E,0x00,0xF0,0x03,0x0E,0x1C,0x03,0x00,0x1C,0xC0,0x0F,0xC0,0xE1,0x78,0x00,0x00,
    0x00,0x1C,0x78,0x00,0xF0,0x03,0x0E,0x1C,0x03,0x00,0x1C,0xC0,0x0F,0xC0,0x61,0x38,
    0x00,0x00,0x00,0x1C,0xF0,0x00,0x38,0x03,0x0E,0x1C,0x03,0x00,0x1C,0xC0,0x1D,0xC0,
    0x61,0x1C,0x00,0x00,0x00,0x1C,0xE0,0x01,0x3C,0x07,0x06,0x0E,0x03,0x00,0x1C,0xC0,
    0x39,0xC0,0x61,0x0E,0x00,0x00,0x00,0x1C,0xC0,0x01,0x1C,0x07,0x06,0x8F,0x03,0x00,
    0x1C,0xC0,0x71,0xC0,0xE1,0x07,0x00,0x00,0x00,0x1C,0x80,0x01,0x0E,0x07,0xFE,0x87,
    0x03,0x00,0x1C,0xC0,0xF0,0xC0,0xE1,0x07,0x00,0x00,0x00,0x1C,0x80,0x03,0xCE,0x07,
    0xFE,0x83,0x03,0x00,0x1C,0xC0,0xE0,0xC0,0xE1,0x03,0x00,0x00,0x00,0x1C,0x80,0x03,
    0xFF,0x07,0xFE,0x80,0x03,0x00,0x1C,0xC0,0xC0,0xC1,0xE1,0x03,0x00,0x00,0x00,0x1C,
    0x80,0x83,0xFF,0x0F,0x06,0x80,0x03,0x00,0x1C,0xC0,0x80,0xC3,0xE1,0x07,0x00,0x00,
    0x00,0x1C,0x80,0x83,0x1F,0x0E,0x06,0x80,0x03,0x00,0x1C,0xC0,0x01,0xC7,0x61,0x0F,
    0x00,0x00,0x00,0x1C,0x80,0x81,0x03,0x0E,0x06,0x80,0x03,0x00,0x1C,0xC0,0x01,0xCE,
    0x61,0x1E,0x00,0x00,0x00,0x1C,0xC0,0xC1,0x01,0x0C,0x06,0x80,0x03,0x00,0x1C,0xC0,
    0x01,0xDE,0x61,0x3C,0x00,0x00,0x00,0x1C,0xE0,0xC1,0x01,0x1C,0x06,0x80,0x03,0x00,
    0x1C,0xC0,0x01,0xFC,0x61,0xF8,0x00,0x00,0x00,0x1C,0xF0,0xE0,0x00,0x1C,0x06,0x80,
    0x83,0x8F,0xFF,0xC3,0x01,0xF8,0x61,0xF0,0x01,0x00,0x00,0xFC,0x7F,0xE0,0x00,0x1C,
    0x06,0x80,0xFF,0xCF,0xFF,0xC7,0x01,0xF0,0x60,0xC0,0x03,0x00,0x00,0xFC,0x3F,0x60,
    0x00,0x18,0x06,0x80,0xFF,0xC7,0xFF,0xC3,0x00,0xE0,0x60,0x80,0x03,0x00,0x00,0xE0,
    0x0F,0x00,0x00,0x00,0x00,0x00,0x3F,0x00,0x00,0xC0,0x00,0x00,0x60,0x00,0x00,0x00,
    0x00,0x00,0x00,0x00,0x00,0x00,0x00,0x00,0x00,0x00,0x00,0x00,0x00,0x00,0x00,0x00,
    0x00,0x00,0x00,0x00,0x00,0x00,0x00,0x00,0x00,0x00,0x00,0x00,0x00,0x00,0x00,0x00,
    0x00,0x00,0x00,0x00,0x00,0x00,0x00,0x00,0x00,0x00,0x00,0x00,0x00,0x00,0x00,0x00,
    0x00,0x00,0x00,0x00,0x00,0x00,0x00,0x00,0x00,0x00,0x00,0x00,0x00,0x00,0x00,0x00,
    0x00,0x00,0x00,0x00,0x00,0x00,0x00,0x00,0x00,0x00,0x00,0x00,0x00,0x00,0x00,0x00,
    0x00,0x00,0x00,0x00,0x00,0x00,0x00,0x00,0x00,0x00,0x00,0x00,0x00,0x00,0x00,0x00,
    0x00,0x00,0x00,0x00,0x00,0x00,0x00,0x00,0x00,0x00,0x00,0x00,0x00,0x00,0x00,0x00,
    0x00,0x00,0x00,0x00,0x00,0x00,0x00,0x00,0x00,0x00,0x00,0x00,0x00,0x00,0x00,0x00,
    0x00,0x00,0x00,0x00,0x00,0x00,0x00,0x00,0x00,0x00,0x00,0x00,0x00,0x00,0x00,0x00,
    0x00,0x00,0x00,0x00,0x00,0x00,0x00,0x00,0x00,0x00,0x00,0x00,0x00,0x00,0x00,0x00,
    0x00,0x00,
};

const uint8_t pic1[18480] = {
    0x3F,0x5F,0x3F,0x5F,0x3F,0x5F,0x3F,0x5F,0x3F,0x5F,0x3F,0x5F,0x3F,0x5F,0x3F,0x5F,
    0x3F,0x5F,0x3F,0x5F,0x3F,0x5F,0x3F,0x5F,0x3F,0x5F,0x3F,0x5F,0x3F,0x5F,0x3F,0x5F,
    0x1F,0x67,0x1F,0x67,0x3F,0x5F,0x5F,0x5F,0x5F,0x57,0x5F,0x57,0x5F,0x57,0x5F,0x5F,
    0x5F,0x5F,0x3E,0x5F,0x3E,0x5F,0x5E,0x5F,0x7E,0x57,0x9F,0x4F,0xBF,0x47,0xBF,0x47,
    0x1F,0x6F,0x1F,0x6F,0x1F,0x6F,0x1F,0x6F,0x1F,0x6F,0x1F,0x6F,0x1F,0x67,0x1F,0x67,
    0x1F,0x67,0x1F,0x67,0x1F,0x67,0x1F,0x67,0x1E,0x67,0x1E,0x67,0x3E,0x67,0x3E,0x67,
    0x3F,0x5F,0x3F,0x5F,0x3F,0x5F,0x3F,0x67,0x1F,0x67,0x1F,0x67,0x3F,0x67,0x3F,0x67,
    0x3F,0x67,0x3F,0x5F,0x3F,0x5F,0x3F,0x5F,0x3F,0x67,0x3F,0x67,0x3F,0x67,0x3F,0x67,
    0x3F,0x5F,0x3F,0x5F,0x5F,0x5F,0x5F,0x5F,0x5F,0x5F,0x5F,0x5F,0x5F,0x57,0x5F,0x57,
    0x5F,0x5F,0x5F,0x5F,0x5F,0x5F,0x3F,0x5F,0x3F,0x67,0x3E,0x67,0x3E,0x67,0x3D,0x67,
    0x3F,0x67,0x3F,0x67,0x3F,0x67,0x3F,0x67,0x3F,0x67,0x3F,0x67,0x3F,0x67,0x3F,0x5F,
    0x3F,0x5F,0x5F,0x5F,0x5F,0x5F,0x5F,0x5F,0x7F,0x57,0x7F,0x57,0x7F,0x57,0x7F,0x57,
    0x7F,0x57,0x7F,0x57,0x7F,0x5F,0x5F,0x5F,0x5F,0x5F,0x5F,0x5F,0x5F,0x5F,0x3F,0x67,
    0x3F,0x67,0x3F,0x67,0x3F,0x67,0x3F,0x67,0x3F,0x67,0x3F,0x5F,0x3F,0x5F,0x3F,0x5F,
    0x5F,0x5F,0x5F,0x5F,0x5F,0x5F,0x5F,0x5F,0x5F,0x5F,0x5F,0x5F,0x5F,0x5F,0x5F,0x5F,
    0x3F,0x5F,0x3F,0x5F,0x3F,0x5F,0x3F,0x5F,0x3F,0x5F,0x3F,0x5F,0x3F,0x5F,0x3F,0x5F,
    0x3F,0x5F,0x3F,0x5F,0x3F,0x5F,0x3F,0x5F,0x3F,0x5F,0x3F,0x5F,0x3F,0x5F,0x3F,0x5F,
    0x1F,0x67,0x3F,0x67,0x3F,0x5F,0x5F,0x5F,0x5F,0x5F,0x5F,0x5F,0x5F,0x5F,0x5F,0x5F,
    0x3F,0x67,0x3F,0x67,0x3F,0x67,0x3F,0x67,0x5F,0x5F,0x7F,0x57,0x7F,0x57,0x9F,0x4F,
    0x3F,0x5F,0x3F,0x5F,0x3F,0x5F,0x3F,0x5F,0x3F,0x5F,0x3F,0x5F,0x3F,0x5F,0x3F,0x5F,
    0x5F,0x5F,0x5F,0x5F,0x5F,0x5F,0x5F,0x5F,0x5F,0x5F,0x5F,0x5F,0x5F,0x5F,0x5F,0x5F,
    0x3F,0x5F,0x3F,0x5F,0x3F,0x67,0x3F,0x67,0x3F,0x67,0x3F,0x67,0x3F,0x67,0x3F,0x67,
    0x3F,0x67,0x3F,0x5F,0x3F,0x5F,0x3F,0x5F,0x3F,0x5F,0x3F,0x67,0x3F,0x67,0x3F,0x67,
    0x3F,0x67,0x3F,0x5F,0x3F,0x5F,0x5F,0x5F,0x5F,0x5F,0x5F,0x5F,0x5F,0x5F,0x5F,0x5F,
    0x5F,0x5F,0x5F,0x5F,0x5F,0x5F,0x3F,0x5F,0x3F,0x67,0x3E,0x67,0x3E,0x67,0x3E,0x67,
    0x3F,0x67,0x3F,0x67,0x3F,0x67,0x3F,0x67,0x3F,0x67,0x3F,0x67,0x3F,0x67,0x3F,0x67,
    0x3F,0x67,0x3F,0x67,0x3F,0x5F,0x3F,0x5F,0x5F,0x5F,0x5F,0x5F,0x5F,0x5F,0x5F,0x5F,
    0x5F,0x5F,0x5F,0x5F,0x5F,0x5F,0x5F,0x5F,0x5F,0x5F,0x5F,0x5F,0x3F,0x67,0x3F,0x67,
    0x3F,0x67,0x3F,0x67,0x3F,0x67,0x3F,0x67,0x3F,0x5F,0x5F,0x5F,0x3F,0x5F,0x3F,0x5F,
    0x5F,0x5F,0x5F,0x5F,0x5F,0x5F,0x5F,0x5F,0x5F,0x5F,0x5F,0x5F,0x5F,0x5F,0x5F,0x5F,
    0x3F,0x5F,0x3F,0x5F,0x3F,0x5F,0x3F,0x5F,0x3F,0x5F,0x3F,0x5F,0x3F,0x5F,0x3F,0x5F,
    0x3F,0x5F,0x3F,0x5F,0x3F,0x5F,0x3F,0x5F,0x3F,0x5F,0x3F,0x5F,0x3F,0x5F,0x3F,0x5F,
    0x3F,0x67,0x3F,0x67,0x3F,0x5F,0x5F,0x5F,0x5F,0x5F,0x5F,0x5F,0x5F,0x5F,0x3F,0x67,
    0x1F,0x67,0x1F,0x6F,0xFF,0x6E,0x1F,0x6F,0x1F,0x6F,0x3F,0x67,0x3F,0x5F,0x5F,0x5F,
    0x5F,0x5F,0x5F,0x5F,0x5F,0x5F,0x5F,0x5F,0x5F,0x5F,0x5F,0x5F,0x5F,0x5F,0x5F,0x5F,
    0x5F,0x5F,0x5F,0x5F,0x5F,0x5F,0x5F,0x5F,0x5F,0x5F,0x5F,0x5F,0x5F,0x5F,0x5F,0x5F,
    0x5F,0x5F,0x3F,0x5F,0x3F,0x67,0x3F,0x67,0x3F,0x67,0x3F,0x67,0x3F,0x67,0x3F,0x67,
    0x3F,0x5F,0x3F,0x5F,0x3F,0x5F,0x3F,0x5F,0x3F,0x5F,0x3F,0x67,0x3F,0x67,0x3F,0x67,
    0x3F,0x67,0x3F,0x67,0x3F,0x67,0x3F,0x67,0x3F,0x5F,0x3F,0x5F,0x3F,0x5F,0x5F,0x5F,
    0x5F,0x5F,0x3F,0x5F,0x5F,0x5F,0x3F,0x5F,0x3F,0x67,0x3F,0x67,0x3F,0x67,0x3F,0x67,
    0x3F,0x67,0x3F,0x67,0x3F,0x67,0x3F,0x67,0x3F,0x67,0x3F,0x67,0x3F,0x67,0x3F,0x67,
    0x3F,0x67,0x3F,0x67,0x3F,0x67,0x3F,0x67,0x3F,0x67,0x3F,0x67,0x3F,0x67,0x3F,0x67,
    0x3F,0x5F,0x3F,0x5F,0x3F,0x67,0x3F,0x67,0x3F,0x67,0x3F,0x67,0x3F,0x67,0x3F,0x67,
    0x3F,0x67,0x3F,0x67,0x3F,0x67,0x3F,0x67,0x5F,0x5F,0x5F,0x5F,0x5F,0x5F,0x5F,0x5F,
    0x3F,0x5F,0x3F,0x5F,0x3F,0x5F,0x3F,0x5F,0x3F,0x5F,0x3F,0x5F,0x3F,0x5F,0x3F,0x5F,
    0x3F,0x67,0x3F,0x67,0x3F,0x67,0x3F,0x67,0x3F,0x67,0x3F,0x67,0x3F,0x67,0x3F,0x67,
    0x3F,0x67,0x3F,0x67,0x3F,0x67,0x3F,0x67,0x3F,0x67,0x3F,0x67,0x3F,0x67,0x3F,0x67,
    0x3F,0x67,0x3F,0x67,0x3F,0x67,0x5F,0x5F,0x5F,0x5F,0x5F,0x5F,0x3F,0x5F,0x1F,0x67,
    0x1F,0x6F,0xFF,0x6E,0xFF,0x76,0xFF,0x76,0xFF,0x6E,0xFF,0x6E,0x1F,0x67,0x1F,0x67,
    0x3F,0x67,0x3F,0x67,0x3F,0x67,0x3F,0x67,0x3F,0x67,0x3F,0x67,0x3F,0x67,0x3F,0x67,
    0x3F,0x67,0x3F,0x67,0x3F,0x67,0x3F,0x67,0x3F,0x67,0x3F,0x67,0x3F,0x67,0x3F,0x67,
    0x5F,0x5F,0x5F,0x5F,0x3F,0x5F,0x3F,0x67,0x3F,0x67,0x3F,0x67,0x3F,0x67,0x3F,0x5F,
    0x3F,0x5F,0x5F,0x5F,0x5F,0x5F,0x5F,0x5F,0x5F,0x5F,0x3F,0x5F,0x3F,0x5F,0x3F,0x5F,
    0x3E,0x67,0x3E,0x67,0x3F,0x67,0x3F,0x67,0x3F,0x67,0x3F,0x67,0x3F,0x67,0x3F,0x67,
    0x3F,0x67,0x3F,0x67,0x3F,0x5F,0x3F,0x5F,0x3F,0x5F,0x3F,0x5F,0x3F,0x67,0x3F,0x67,
    0x3F,0x67,0x3F,0x67,0x3F,0x67,0x3F,0x67,0x3F,0x67,0x3F,0x67,0x3F,0x67,0x3F,0x67,
    0x3F,0x67,0x3F,0x67,0x3F,0x67,0x3F,0x67,0x3F,0x67,0x1F,0x67,0x1F,0x67,0x1F,0x6F,
    0x3F,0x67,0x3F,0x67,0x3F,0x67,0x3F,0x67,0x3F,0x67,0x1F,0x67,0x1F,0x67,0x3F,0x67,
    0x3F,0x67,0x3F,0x67,0x3F,0x67,0x3F,0x5F,0x5F,0x5F,0x5F,0x5F,0x5F,0x5F,0x5F,0x5F,
    0x3F,0x5F,0x3F,0x5F,0x3F,0x5F,0x3F,0x5F,0x3F,0x5F,0x3F,0x5F,0x3F,0x5F,0x3F,0x5F,
    0x3F,0x67,0x3F,0x67,0x3F,0x67,0x3F,0x67,0x3F,0x67,0x3F,0x67,0x3F,0x67,0x3F,0x67,
    0x3F,0x67,0x3F,0x67,0x3F,0x67,0x3F,0x67,0x3F,0x67,0x3F,0x67,0x3F,0x67,0x3F,0x67,
    0x3E,0x67,0x3E,0x67,0x3F,0x67,0x5F,0x5F,0x5F,0x5F,0x5F,0x5F,0x3F,0x5F,0x1F,0x67,
    0x1F,0x67,0xFF,0x6E,0xFF,0x6E,0xFF,0x6E,0xFF,0x6E,0x1F,0x6F,0x1F,0x67,0x1F,0x67,
    0x3F,0x67,0x3F,0x67,0x3F,0x67,0x3F,0x67,0x3F,0x67,0x3F,0x67,0x3F,0x67,0x3F,0x67,
    0x3F,0x67,0x3F,0x67,0x3F,0x67,0x3F,0x67,0x3F,0x67,0x3F,0x67,0x3F,0x67,0x3F,0x67,
    0x5F,0x5F,0x5F,0x5F,0x5F,0x5F,0x3F,0x5F,0x3F,0x5F,0x3F,0x5F,0x5F,0x5F,0x5F,0x5F,
    0x5F,0x5F,0x5F,0x5F,0x5F,0x5F,0x5F,0x5F,0x5F,0x5F,0x5F,0x5F,0x5F,0x5F,0x5F,0x5F,
    0x3E,0x67,0x3E,0x67,0x3E,0x67,0x3E,0x67,0x3E,0x67,0x3E,0x67,0x3F,0x67,0x3F,0x67,
    0x3F,0x67,0x3F,0x67,0x3F,0x67,0x3F,0x67,0x3F,0x5F,0x3F,0x5F,0x3F,0x5F,0x3F,0x5F,
    0x5F,0x5F,0x5F,0x5F,0x5F,0x5F,0x5F,0x5F,0x5F,0x5F,0x5F,0x5F,0x5F,0x5F,0x5F,0x5F,
    0x5F,0x5F,0x5F,0x5F,0x5F,0x5F,0x3F,0x67,0x3F,0x67,0x3F,0x67,0x1F,0x67,0x1F,0x67,
    0x1F,0x67,0x1F,0x67,0x1F,0x67,0x1F,0x67,0x1F,0x67,0x1F,0x67,0x1F,0x67,0x1F,0x67,
    0x3F,0x67,0x3F,0x67,0x3F,0x67,0x3F,0x5F,0x5F,0x5F,0x5F,0x5F,0x5F,0x5F,0x5F,0x5F,
    0x3F,0x5F,0x3F,0x5F,0x3F,0x5F,0x3F,0x5F,0x3F,0x5F,0x3F,0x5F,0x3F,0x5F,0x3F,0x5F,
    0x3F,0x67,0x3F,0x67,0x3F,0x67,0x3F,0x67,0x3F,0x67,0x3F,0x67,0x3F,0x67,0x3F,0x67,
    0x3F,0x67,0x3F,0x67,0x3F,0x67,0x3F,0x67,0x3F,0x67,0x3F,0x67,0x3F,0x67,0x3F,0x67,
    0x3E,0x6F,0x3E,0x67,0x3F,0x67,0x5F,0x67,0x5F,0x5F,0x5F,0x5F,0x5F,0x5F,0x3F,0x5F,
    0x3F,0x67,0x3F,0x67,0x1F,0x67,0x1F,0x67,0x3F,0x67,0x3F,0x67,0x3F,0x67,0x3F,0x67,
    0x7F,0x57,0x7F,0x57,0x7F,0x57,0x7F,0x57,0x7F,0x57,0x7F,0x57,0x7F,0x57,0x7F,0x57,
    0x7F,0x57,0x7F,0x57,0x7F,0x57,0x7F,0x57,0x7F,0x57,0x7F,0x57,0x7F,0x57,0x7F,0x57,
    0x5F,0x67,0x5F,0x67,0x5F,0x67,0x5F,0x5F,0x5F,0x5F,0x5F,0x5F,0x5F,0x5F,0x5F,0x5F,
    0x5F,0x5F,0x5F,0x5F,0x5F,0x5F,0x5F,0x5F,0x5F,0x5F,0x5F,0x5F,0x5F,0x5F,0x5F,0x5F,
    0x3F,0x67,0x3F,0x67,0x3F,0x67,0x3F,0x67,0x3E,0x67,0x3E,0x67,0x3E,0x67,0x3E,0x67,
    0x3F,0x67,0x3F,0x67,0x3F,0x67,0x3F,0x67,0x3F,0x67,0x3F,0x5F,0x3F,0x5F,0x3F,0x5F,
    0x7F,0x57,0x7F,0x57,0x7F,0x57,0x7F,0x57,0x7F,0x57,0x7F,0x57,0x7F,0x57,0x7F,0x57,
    0x7F,0x57,0x7F,0x57,0x5F,0x5F,0x5F,0x5F,0x3F,0x67,0x3F,0x67,0x3F,0x67,0x1F,0x67,
    0x1F,0x67,0x1F,0x67,0x1F,0x67,0x1F,0x67,0x1F,0x67,0x1F,0x67,0x1F,0x67,0x3F,0x67,
    0x3F,0x67,0x3F,0x67,0x3F,0x67,0x3F,0x5F,0x5F,0x5F,0x5F,0x5F,0x5F,0x5F,0x5F,0x5F,
    0x3F,0x67,0x3F,0x67,0x3F,0x67,0x3F,0x67,0x3F,0x67,0x3F,0x67,0x3F,0x67,0x3F,0x67,
    0x3F,0x67,0x3F,0x67,0x3F,0x67,0x3F,0x67,0x3F,0x67,0x3F,0x67,0x3F,0x67,0x3F,0x67,
    0x3F,0x67,0x3F,0x67,0x3F,0x67,0x3F,0x67,0x3F,0x67,0x3F,0x67,0x3F,0x67,0x3F,0x67,
    0x3F,0x67,0x3F,0x67,0x3F,0x67,0x5F,0x67,0x5F,0x5F,0x5F,0x5F,0x5F,0x5F,0x5F,0x5F,
    0x5F,0x5F,0x5F,0x5F,0x5F,0x5F,0x5F,0x5F,0x5F,0x5F,0x7F,0x5F,0x7F,0x5F,0x7F,0x57,
    0x7F,0x57,0x7F,0x57,0x7F,0x57,0x7F,0x57,0x7F,0x57,0x7F,0x57,0x7F,0x57,0x7F,0x57,
    0x7F,0x57,0x7F,0x57,0x7F,0x57,0x7F,0x57,0x7F,0x57,0x7E,0x57,0x7E,0x57,0x7E,0x57,
    0x3F,0x67,0x3F,0x67,0x5F,0x67,0x5F,0x67,0x5F,0x5F,0x5F,0x5F,0x5F,0x5F,0x5F,0x5F,
    0x5F,0x5F,0x5F,0x5F,0x5F,0x5F,0x5F,0x5F,0x5F,0x5F,0x5F,0x5F,0x5F,0x5F,0x5F,0x5F,
    0x3F,0x5F,0x3F,0x5F,0x3F,0x67,0x3F,0x67,0x3F,0x67,0x3F,0x67,0x3E,0x67,0x3E,0x67,
    0x3E,0x67,0x3F,0x67,0x3F,0x67,0x3F,0x67,0x3F,0x67,0x3F,0x67,0x3F,0x5F,0x3F,0x5F,
    0x5F,0x5F,0x5F,0x5F,0x5F,0x5F,0x7F,0x57,0x7F,0x57,0x7F,0x57,0x7F,0x57,0x7F,0x57,
    0x7F,0x57,0x7F,0x57,0x5F,0x5F,0x5F,0x5F,0x3F,0x67,0x3F,0x67,0x3F,0x67,0x1F,0x67,
    0x3F,0x67,0x3F,0x67,0x3F,0x67,0x3F,0x67,0x3F,0x67,0x3F,0x67,0x3F,0x67,0x3F,0x67,
    0x3F,0x67,0x3F,0x67,0x3F,0x67,0x3F,0x5F,0x3F,0x5F,0x5F,0x5F,0x5F,0x5F,0x5F,0x5F,
    0x3F,0x67,0x3F,0x67,0x3F,0x67,0x3F,0x67,0x3F,0x67,0x3F,0x67,0x3F,0x67,0x3F,0x67,
    0x3F,0x67,0x3F,0x67,0x3F,0x67,0x3F,0x67,0x3F,0x67,0x3F,0x67,0x3F,0x67,0x3F,0x67,
    0x3F,0x67,0x3F,0x67,0x3F,0x67,0x3F,0x67,0x3F,0x67,0x3F,0x67,0x3F,0x67,0x3F,0x67,
    0x3F,0x67,0x3F,0x67,0x3F,0x67,0x3F,0x67,0x3F,0x67,0x5F,0x5F,0x5F,0x5F,0x5F,0x5F,
    0x5F,0x5F,0x5F,0x5F,0x5F,0x5F,0x5F,0x5F,0x7E,0x5F,0x7E,0x5F,0x7E,0x5F,0x7E,0x5F,
    0x3D,0x6F,0x3D,0x6F,0x3D,0x6F,0x3D,0x6F,0x3D,0x6F,0x3D,0x6F,0x1D,0x77,0x1D,0x77,
    0x1D,0x77,0x1D,0x77,0x1D,0x77,0x1D,0x77,0x1D,0x77,0x1D,0x77,0x1D,0x77,0x1D,0x77,
    0x3E,0x6F,0x3F,0x6F,0x3F,0x67,0x3F,0x67,0x3F,0x67,0x3F,0x67,0x3F,0x67,0x3F,0x67,
    0x3F,0x67,0x3F,0x67,0x3F,0x67,0x3F,0x67,0x3F,0x67,0x3F,0x5F,0x5F,0x5F,0x5F,0x5F,
    0x5F,0x5F,0x3F,0x5F,0x3F,0x5F,0x3F,0x5F,0x3F,0x5F,0x3F,0x67,0x3F,0x67,0x3F,0x67,
    0x3F,0x67,0x3F,0x67,0x3F,0x67,0x3F,0x67,0x3F,0x67,0x3F,0x67,0x3F,0x67,0x3F,0x67,
    0x3F,0x67,0x3F,0x67,0x3F,0x67,0x3F,0x67,0x3F,0x5F,0x5F,0x5F,0x5F,0x5F,0x5F,0x5F,
    0x5F,0x5F,0x5F,0x5F,0x3F,0x5F,0x3F,0x67,0x3F,0x67,0x1F,0x67,0x1F,0x67,0x1F,0x6F,
    0x3F,0x5F,0x3F,0x5F,0x3F,0x5F,0x3F,0x5F,0x3F,0x5F,0x3F,0x5F,0x3F,0x5F,0x3F,0x67,
    0x3F,0x67,0x3F,0x67,0x3F,0x67,0x3F,0x67,0x3F,0x67,0x3F,0x67,0x3F,0x67,0x3F,0x67,
    0x3F,0x67,0x3F,0x67,0x3F,0x67,0x3F,0x67,0x3F,0x67,0x3F,0x67,0x3F,0x67,0x3F,0x67,
    0x3F,0x67,0x3F,0x67,0x3F,0x67,0x3F,0x67,0x3F,0x67,0x3F,0x67,0x3F,0x67,0x3F,0x67,
    0x3F,0x67,0x3F,0x67,0x3F,0x67,0x3F,0x67,0x3F,0x67,0x3F,0x67,0x3F,0x67,0x3F,0x67,
    0x7F,0x67,0x1F,0x5F,0x3F,0x67,0x7F,0x6F,0x1F,0x5F,0xFF,0x5E,0x3F,0x67,0x5F,0x6F,
    0x3F,0x67,0x3F,0x67,0x3E,0x67,0x3E,0x6F,0x5D,0x6F,0x5D,0x6F,0x3C,0x6F,0x3C,0x6F,
    0xF9,0x8D,0xD9,0x85,0x98,0x85,0x77,0x7D,0x78,0x7D,0xB8,0x85,0xF9,0x8D,0x1A,0x96,
    0x9C,0xA6,0x9C,0xA6,0xBC,0xA6,0xDC,0xAE,0x7B,0x9E,0xD8,0x8D,0x77,0x7D,0x98,0x85,
    0x3E,0x7F,0xDD,0x6E,0x3F,0x7F,0xDE,0x66,0x5F,0x77,0x3F,0x6F,0x3F,0x6F,0x1F,0x6F,
    0x1F,0x6F,0x3F,0x77,0xDD,0x6E,0x5F,0x77,0x1F,0x6F,0x1F,0x67,0xFF,0x5E,0x5F,0x67,
    0x5F,0x57,0x3F,0x57,0x3F,0x5F,0x5F,0x5F,0x5F,0x5F,0x3F,0x5F,0x3F,0x5F,0x5F,0x67,
    0x3F,0x67,0x3F,0x67,0x3F,0x67,0x3F,0x67,0x3F,0x67,0x3F,0x67,0x3F,0x67,0x3F,0x67,
    0x1F,0x77,0x1F,0x6F,0xFF,0x6E,0x1F,0x6F,0x1F,0x6F,0x3F,0x6F,0x3F,0x67,0x3F,0x67,
    0x1F,0x67,0x3F,0x67,0x3F,0x67,0x3F,0x6F,0x3F,0x6F,0x1F,0x6F,0xFF,0x6E,0xFF,0x66,
    0x5F,0x5F,0x5F,0x5F,0x5F,0x5F,0x5F,0x5F,0x5F,0x5F,0x3F,0x5F,0x3F,0x5F,0x3F,0x5F,
    0x5F,0x67,0x5F,0x67,0x5F,0x67,0x3F,0x67,0x3F,0x67,0x3F,0x67,0x3F,0x67,0x3F,0x67,
    0x3F,0x67,0x3F,0x67,0x3F,0x67,0x3F,0x67,0x3F,0x67,0x3F,0x67,0x3F,0x67,0x3F,0x67,
    0x3F,0x67,0x3F,0x67,0x3F,0x67,0x3F,0x67,0x3F,0x67,0x3F,0x67,0x3F,0x67,0x3F,0x67,
    0x3F,0x67,0x3F,0x67,0x3F,0x67,0x3F,0x67,0x3F,0x67,0x3F,0x67,0x3F,0x67,0x3F,0x67,
    0x1F,0x57,0x9F,0x67,0x5F,0x67,0xFF,0x5E,0x3F,0x6F,0x7F,0x7F,0x1F,0x7F,0xBD,0x76,
    0xFE,0x7E,0xBD,0x7E,0x5A,0x76,0xF8,0x65,0xB7,0x65,0xF7,0x6D,0x59,0x7E,0xBA,0x8E,
    0x5F,0xE7,0x9F,0xEF,0xDF,0xF7,0xFF,0xF7,0xFF,0xF7,0xFF,0xFF,0xFF,0xFF,0xFF,0xF7,
    0xBF,0xF7,0xDF,0xF7,0xFF,0xFF,0xDF,0xF7,0xBF,0xF7,0xFF,0xFF,0xFF,0xFF,0x9F,0xEF,
    0x7B,0x7E,0x9B,0x7E,0xDD,0x7E,0x1E,0x7F,0x1F,0x7F,0x9D,0x6E,0xFE,0x76,0xFE,0x7E,
    0xBC,0x76,0x5F,0x8F,0x1E,0x87,0xFD,0x7E,0xBD,0x6E,0x3F,0x77,0x7F,0x7F,0xFF,0x66,
    0x5F,0x5F,0x5F,0x5F,0x3F,0x5F,0x1F,0x57,0x3F,0x5F,0x7F,0x67,0x5F,0x67,0x3F,0x5F,
    0x5F,0x67,0x3F,0x67,0x3F,0x67,0x3F,0x67,0x3F,0x67,0x3F,0x67,0x3F,0x6F,0x3F,0x6F,
    0xFF,0x6E,0x1F,0x77,0x3F,0x77,0x1F,0x6F,0xFF,0x6E,0xFF,0x66,0x1F,0x67,0x1F,0x67,
    0x3F,0x67,0x3F,0x67,0x1F,0x67,0x1F,0x67,0x1F,0x67,0x1F,0x67,0x1F,0x67,0x3F,0x67,
    0x3F,0x57,0x3F,0x57,0x5F,0x57,0x5F,0x57,0x7F,0x5F,0x7F,0x5F,0x7F,0x67,0x7F,0x67,
    0x5F,0x5F,0x5F,0x67,0x3F,0x67,0x3F,0x67,0x3F,0x67,0x3F,0x67,0x3F,0x67,0x3F,0x6F,
    0x3F,0x67,0x3F,0x67,0x3F,0x67,0x3F,0x67,0x3F,0x67,0x3F,0x67,0x3F,0x67,0x3F,0x67,
    0x3F,0x67,0x3F,0x67,0x3F,0x67,0x3F,0x67,0x3F,0x67,0x3F,0x67,0x3F,0x67,0x3F,0x67,
    0x3F,0x67,0x3F,0x67,0x3F,0x67,0x3F,0x67,0x3F,0x67,0x3F,0x67,0x3F,0x67,0x3F,0x67,
    0x9F,0x5F,0x1F,0x57,0x5F,0x67,0x9F,0x7F,0xFF,0x76,0xBE,0x7E,0xBD,0x8E,0x1A,0x7E,
    0x5B,0x8E,0xFD,0xAE,0xDF,0xCF,0xFF,0xE7,0xFF,0xE7,0xFF,0xEF,0xFF,0xEF,0xFF,0xEF,
    0xDF,0xEF,0xDF,0xF7,0xFF,0xF7,0xFF,0xFF,0xFF,0xFF,0xFF,0xFF,0xFF,0xF7,0xFF,0xF7,
    0xFF,0xFF,0xFF,0xFF,0xDF,0xF7,0xFF,0xFF,0xFF,0xFF,0x9E,0xF7,0xFF,0xFF,0xFF,0xFF,
    0xFF,0xDF,0xDF,0xC7,0xF9,0x7D,0x7B,0x86,0xDD,0x8E,0xFE,0x8E,0x3F,0x97,0x9C,0x86,
    0x1A,0x7E,0x4E,0x23,0xA7,0x01,0x6B,0x02,0x36,0x55,0xDD,0x86,0xFE,0x86,0xFF,0x7E,
    0x5F,0x6F,0x5F,0x67,0x5F,0x67,0x3F,0x67,0x3F,0x5F,0x5F,0x5F,0x7F,0x67,0x7F,0x67,
    0x5F,0x67,0x5F,0x67,0x5F,0x67,0x3F,0x67,0x3F,0x6F,0x3F,0x6F,0x3F,0x6F,0x3F,0x6F,
    0x1F,0x67,0x3F,0x67,0x3F,0x6F,0x5F,0x6F,0x3F,0x67,0x5F,0x6F,0x7F,0x6F,0x9F,0x6F,
    0x5F,0x67,0x5F,0x67,0x5F,0x67,0x3F,0x5F,0x5F,0x5F,0x5F,0x5F,0x7F,0x5F,0x7F,0x67,
    0x9F,0x67,0x7F,0x67,0x7F,0x5F,0x7F,0x5F,0x5F,0x5F,0x5F,0x5F,0x3F,0x5F,0x3F,0x5F,
    0x5F,0x67,0x5F,0x67,0x5F,0x67,0x3F,0x67,0x3F,0x6F,0x3F,0x6F,0x3F,0x6F,0x3F,0x6F,
    0x3F,0x67,0x3F,0x67,0x3F,0x67,0x3F,0x67,0x3F,0x67,0x3F,0x67,0x3F,0x67,0x3F,0x67,
    0x5F,0x67,0x5F,0x67,0x5F,0x67,0x5F,0x67,0x5F,0x67,0x5F,0x67,0x5F,0x67,0x5F,0x67,
    0x5F,0x67,0x5F,0x67,0x5F,0x67,0x5F,0x67,0x5F,0x67,0x5F,0x67,0x5F,0x67,0x5F,0x67,
    0x7F,0x57,0xBF,0x67,0x1F,0x67,0xDE,0x6E,0x1F,0x8F,0x5B,0x86,0xFA,0x8D,0x1E,0xBF,
    0xFF,0xEF,0xFF,0xF7,0xFF,0xF7,0xFF,0xFF,0xDF,0xFF,0xBF,0xFF,0xDF,0xFF,0xDF,0xFF,
    0xFF,0xF7,0xFF,0xF7,0xFF,0xF7,0xFF,0xF7,0xFF,0xF7,0xFF,0xF7,0xFF,0xF7,0xFF,0xF7,
    0xDE,0xEF,0xFE,0xF7,0xFF,0xF7,0xFE,0xF7,0xFF,0xF7,0xFF,0xFF,0x9D,0xEF,0x54,0xA5,
    0x4C,0x53,0x49,0x32,0xE4,0x00,0xE5,0x00,0xA4,0x00,0xE5,0x00,0xC4,0x00,0xA3,0x00,
    0x82,0x00,0x82,0x00,0x82,0x00,0xA2,0x00,0x62,0x00,0xE5,0x00,0x37,0x65,0x9C,0x8E,
    0xFF,0x76,0xDE,0x6E,0xFF,0x6E,0x5F,0x77,0x7F,0x77,0x5F,0x67,0x3F,0x5F,0x5F,0x67,
    0x5F,0x5F,0x5F,0x5F,0x5F,0x67,0x3F,0x67,0x3F,0x6F,0x3F,0x6F,0x3F,0x6F,0x3F,0x6F,
    0x9F,0x5F,0x7F,0x5F,0x5F,0x5F,0x3F,0x5F,0x5F,0x5F,0x5F,0x67,0x5F,0x67,0x3E,0x5F,
    0x3E,0x5F,0x5E,0x5F,0x5F,0x5F,0x7F,0x5F,0x9F,0x5F,0x7F,0x5F,0x7F,0x57,0x7F,0x57,
    0x5F,0x67,0x5F,0x67,0x5F,0x67,0x5F,0x67,0x5F,0x67,0x5F,0x67,0x5F,0x67,0x5F,0x67,
    0x5F,0x67,0x5F,0x67,0x3F,0x67,0x3F,0x67,0x3F,0x6F,0x3F,0x6F,0x3F,0x6F,0x3F,0x6F,
    0x3F,0x67,0x3F,0x67,0x3F,0x67,0x3F,0x67,0x3F,0x67,0x3F,0x67,0x3F,0x67,0x3F,0x67,
    0x5F,0x6F,0x5F,0x6F,0x5F,0x6F,0x5F,0x6F,0x5F,0x6F,0x5F,0x6F,0x5F,0x6F,0x5F,0x6F,
    0x5F,0x6F,0x5F,0x6F,0x5F,0x6F,0x5F,0x6F,0x5F,0x6F,0x5F,0x6F,0x5F,0x6F,0x5F,0x6F,
    0x9F,0x67,0x3F,0x67,0x1E,0x6F,0xBD,0x7E,0x5B,0x86,0x1D,0xB7,0xDF,0xDF,0xBF,0xEF,
    0xFF,0xF7,0xFF,0xFF,0xFF,0xFF,0xDF,0xFF,0xDF,0xFF,0xBF,0xFF,0xBF,0xFF,0x9F,0xFF,
    0xFF,0xF7,0xFF,0xF7,0xFF,0xF7,0xFF,0xFF,0xFF,0xFF,0xFF,0xFF,0xFF,0xFF,0xFF,0xFF,
    0xFF,0xFF,0xFF,0xFF,0xFF,0xFF,0x9D,0xEF,0xFF,0xFF,0x74,0xAD,0x40,0x00,0x60,0x08,
    0x00,0x08,0x00,0x00,0x40,0x00,0x21,0x00,0x21,0x00,0x83,0x00,0x21,0x00,0x41,0x00,
    0x61,0x00,0x20,0x00,0x20,0x00,0x20,0x00,0xC2,0x00,0x61,0x00,0xA3,0x00,0x94,0x64,
    0x1D,0x8F,0x1D,0x87,0x3E,0x87,0x3E,0x7F,0x1E,0x77,0x3F,0x6F,0x5F,0x67,0x7F,0x67,
    0x5F,0x67,0x5F,0x67,0x5F,0x67,0x5F,0x67,0x5F,0x67,0x3F,0x6F,0x3F,0x6F,0x3F,0x6F,
    0x9F,0x57,0x7F,0x57,0x7F,0x5F,0x7F,0x5F,0x7F,0x67,0x7F,0x67,0x5E,0x6F,0x5E,0x6F,
    0x3D,0x6F,0x5D,0x6F,0x5E,0x6F,0x7E,0x67,0x7E,0x67,0x7E,0x67,0x7E,0x5F,0x7E,0x5F,
    0x3E,0x77,0x3E,0x77,0x3E,0x77,0x3E,0x77,0x3E,0x6F,0x3E,0x6F,0x3F,0x6F,0x5F,0x6F,
    0x5F,0x67,0x5F,0x67,0x5F,0x67,0x5F,0x67,0x3F,0x67,0x3F,0x67,0x3F,0x6F,0x3F,0x6F,
    0x5F,0x67,0x5F,0x67,0x5F,0x67,0x5F,0x67,0x5F,0x67,0x5F,0x67,0x5F,0x67,0x5F,0x67,
    0x5F,0x6F,0x5F,0x6F,0x5F,0x6F,0x5F,0x6F,0x5F,0x6F,0x5F,0x6F,0x5F,0x6F,0x5F,0x6F,
    0x5F,0x6F,0x5F,0x6F,0x5F,0x6F,0x5F,0x6F,0x5F,0x6F,0x5F,0x6F,0x5F,0x6F,0x5F,0x6F,
    0x3E,0x67,0x7F,0x77,0xDC,0x76,0xDC,0x8E,0xFF,0xD7,0xFF,0xEF,0xDF,0xEF,0xFF,0xFF,
    0xFF,0xFF,0xFF,0xFF,0xDE,0xFF,0xBE,0xFF,0xBE,0xFF,0xBF,0xFF,0xBF,0xFF,0x9F,0xFF,
    0xFF,0xFF,0xFF,0xFF,0xFF,0xFF,0xFF,0xFF,0xFF,0xFF,0xFF,0xFF,0xFF,0xFF,0xFF,0xFF,
    0xDF,0xFF,0x3C,0xF7,0x9A,0xE6,0x14,0xAD,0x45,0x39,0x00,0x08,0x00,0x10,0x00,0x08,
    0x00,0x18,0x00,0x18,0x80,0x28,0x03,0x31,0x69,0x52,0xCB,0x5A,0x41,0x08,0x60,0x10,
    0x20,0x10,0x00,0x08,0xC8,0x6A,0x43,0x39,0x00,0x00,0x61,0x08,0x20,0x00,0x21,0x00,
    0x2C,0x23,0xD3,0x54,0x79,0x86,0xFC,0x86,0xFC,0x7E,0x3E,0x77,0x7F,0x77,0x7F,0x6F,
    0x5F,0x67,0x5F,0x5F,0x5F,0x67,0x5F,0x67,0x5F,0x67,0x3F,0x6F,0x3F,0x6F,0x3F,0x6F,
    0x3F,0x57,0x7F,0x5F,0x9F,0x6F,0x7F,0x77,0x3E,0x6F,0xFD,0x76,0xFD,0x7E,0x1D,0x87,
    0x3E,0x8F,0x1D,0x87,0xFD,0x86,0xFC,0x7E,0xFD,0x76,0xFD,0x76,0x1D,0x77,0x3E,0x77,
    0xFE,0x86,0xFE,0x7E,0xFE,0x7E,0xFE,0x7E,0x1E,0x7F,0x1E,0x77,0x3F,0x77,0x3F,0x6F,
    0x3F,0x6F,0x3F,0x6F,0x5F,0x67,0x5F,0x67,0x5F,0x67,0x5F,0x67,0x5F,0x67,0x5F,0x67,
    0x5F,0x67,0x5F,0x67,0x5F,0x67,0x5F,0x67,0x5F,0x67,0x5F,0x67,0x5F,0x67,0x5F,0x67,
    0x5F,0x6F,0x5F,0x6F,0x5F,0x6F,0x5F,0x6F,0x5F,0x6F,0x5F,0x6F,0x5F,0x6F,0x5F,0x6F,
    0x5F,0x6F,0x5F,0x6F,0x5F,0x6F,0x5F,0x6F,0x5F,0x6F,0x5F,0x6F,0x5F,0x6F,0x5F,0x6F,
    0x7F,0x7F,0xDC,0x6E,0xBB,0x7E,0xDF,0xBF,0xFF,0xE7,0xFF,0xF7,0xFE,0xFF,0xFE,0xFF,
    0xFD,0xFF,0xFD,0xFF,0xFE,0xFF,0xFF,0xFF,0xFF,0xFF,0xFF,0xFF,0xFF,0xFF,0xFF,0xFF,
    0xFF,0xFF,0xFF,0xFF,0xDF,0xFF,0xDF,0xFF,0xBF,0xFF,0xDF,0xFF,0xDF,0xFF,0xDF,0xFF,
    0xBF,0xFF,0x0C,0x6B,0x00,0x08,0x41,0x18,0x00,0x08,0x00,0x10,0xCF,0x8B,0x72,0xA4,
    0x50,0xE5,0xB3,0xED,0x76,0xFE,0x77,0xEE,0x99,0xEE,0x0F,0x94,0x00,0x10,0x00,0x10,
    0x00,0x18,0x6E,0xB4,0x14,0xEE,0x96,0xF6,0x4A,0x83,0x00,0x08,0x20,0x08,0x41,0x08,
    0x60,0x00,0x64,0x01,0x8C,0x33,0x74,0x65,0xBA,0x7E,0x3D,0x7F,0x3E,0x77,0x1E,0x67,
    0x5F,0x67,0x7F,0x67,0x7F,0x67,0x5F,0x67,0x5F,0x67,0x5F,0x67,0x5F,0x6F,0x5F,0x6F,
    0x5F,0x77,0x3F,0x77,0x1E,0x77,0xDD,0x7E,0x9C,0x7E,0x5C,0x86,0x7C,0x8E,0x7C,0x96,
    0x3B,0x96,0x1A,0x96,0xFA,0x8D,0xD9,0x85,0xD9,0x7D,0xD9,0x7D,0xFA,0x7D,0x1A,0x7E,
    0x9D,0x86,0xBD,0x86,0xBD,0x86,0xDD,0x86,0xFE,0x86,0x1E,0x7F,0x3F,0x7F,0x3F,0x77,
    0x3F,0x77,0x3F,0x6F,0x5F,0x6F,0x5F,0x6F,0x5F,0x67,0x5F,0x67,0x5F,0x67,0x5F,0x67,
    0x5F,0x6F,0x5F,0x6F,0x5F,0x6F,0x5F,0x6F,0x5F,0x6F,0x5F,0x6F,0x5F,0x6F,0x5F,0x6F,
    0x5F,0x6F,0x5F,0x6F,0x5F,0x6F,0x5F,0x6F,0x5F,0x6F,0x5F,0x6F,0x5F,0x6F,0x5F,0x6F,
    0x5F,0x6F,0x5F,0x6F,0x5F,0x6F,0x5F,0x6F,0x5F,0x6F,0x5F,0x6F,0x5F,0x6F,0x5F,0x6F,
    0x3D,0x7F,0x5E,0x8F,0xBB,0x8E,0xDB,0xA6,0xFF,0xE7,0xFF,0xFF,0xDE,0xFF,0xFD,0xFF,
    0xFD,0xFF,0xFD,0xFF,0xFE,0xFF,0xFE,0xF7,0xFF,0xF7,0xFF,0xF7,0xFF,0xF7,0xFF,0xF7,
    0xFF,0xFF,0xFF,0xFF,0xFF,0xFF,0xFF,0xFF,0xFF,0xFF,0xFF,0xFF,0xFF,0xFF,0xFF,0xFF,
    0x2D,0x6B,0x21,0x08,0x00,0x00,0x00,0x00,0x00,0x00,0x00,0x00,0x82,0x18,0x8E,0x7B,
    0xD2,0xFD,0x54,0xFE,0x55,0xFE,0x36,0xF6,0x98,0xF6,0xEA,0x7A,0x00,0x18,0x00,0x18,
    0xE4,0x69,0x96,0xFE,0x96,0xFE,0x34,0xF6,0xB7,0xFE,0x0D,0x9C,0xA1,0x28,0x28,0x4A,
    0xF0,0x7C,0x46,0x22,0xE1,0x00,0x68,0x0A,0xF3,0x54,0x7A,0x6E,0x1D,0x77,0x7F,0x77,
    0x5F,0x67,0x7F,0x67,0x7F,0x67,0x7F,0x67,0x5F,0x67,0x5F,0x67,0x5F,0x6F,0x5F,0x6F,
    0x3F,0x87,0xBE,0x76,0x3C,0x76,0x5C,0x86,0x1F,0xA7,0xDF,0xCF,0xFF,0xE7,0xFF,0xEF,
    0xFF,0xEF,0xFF,0xF7,0xFF,0xF7,0xFF,0xEF,0xFF,0xE7,0xFF,0xDF,0xFF,0xDF,0xFF,0xD7,
    0x9F,0xAF,0x7F,0xAF,0x3F,0x9F,0xFE,0x8E,0xBD,0x7E,0x5C,0x6E,0x3B,0x66,0x1B,0x56,
    0x3F,0x77,0x3F,0x6F,0x5F,0x6F,0x5F,0x67,0x5F,0x67,0x5F,0x67,0x5F,0x67,0x5F,0x67,
    0x5F,0x6F,0x5F,0x6F,0x5F,0x6F,0x5F,0x6F,0x5F,0x6F,0x5F,0x6F,0x5F,0x6F,0x5F,0x6F,
    0x5F,0x77,0x5F,0x77,0x5F,0x77,0x5F,0x77,0x5F,0x77,0x5F,0x77,0x5F,0x77,0x5F,0x77,
    0x5F,0x77,0x5F,0x77,0x5F,0x77,0x5F,0x77,0x5F,0x77,0x5F,0x77,0x5F,0x77,0x5F,0x77,
    0xDE,0x76,0x3F,0x87,0x1E,0x87,0x7B,0x7E,0xDC,0x96,0xFF,0xC7,0xFF,0xDF,0xFF,0xDF,
    0xFF,0xE7,0xFF,0xE7,0xFF,0xE7,0xFF,0xDF,0xFF,0xC7,0x3E,0xAF,0x9C,0x8E,0x3B,0x86,
    0x7B,0x8E,0x5B,0x76,0x9D,0x7E,0xFF,0xAE,0x1F,0xD7,0xDF,0xFF,0xBF,0xE7,0x95,0x8D,
    0x40,0x00,0x20,0x00,0x00,0x08,0x00,0x00,0x00,0x00,0x01,0x00,0x21,0x00,0x00,0x08,
    0xA6,0x71,0x17,0xFE,0x16,0xF6,0x97,0xFE,0x55,0xF6,0xAE,0xBC,0x00,0x18,0x00,0x41,
    0x13,0xE6,0x55,0xF6,0x96,0xFE,0xF3,0xED,0x0F,0xD5,0xD1,0xED,0xB4,0xFE,0x53,0xFE,
    0x55,0xFE,0xB3,0xFD,0x2D,0xBC,0x20,0x18,0xC4,0x21,0x4E,0x44,0x97,0x6E,0x9C,0x7F,
    0x5C,0x7F,0x3D,0x7F,0x1D,0x6F,0x7F,0x6F,0x7F,0x67,0x3F,0x5F,0x7F,0x6F,0x1F,0x6F,
    0x7B,0x96,0x5A,0x96,0x7D,0xC7,0xFF,0xEF,0xFE,0xF7,0xFD,0xFF,0xFD,0xFF,0xFD,0xF7,
    0xFE,0xF7,0xFF,0xF7,0xFF,0xF7,0xFF,0xF7,0xFF,0xF7,0xFF,0xF7,0xDF,0xFF,0xDF,0xFF,
    0xFF,0xFF,0xFF,0xFF,0xFF,0xFF,0xFF,0xFF,0xFF,0xF7,0xDF,0xFF,0xDF,0xFF,0xBF,0xFF,
    0x7C,0xD6,0x98,0xAD,0x77,0x95,0x39,0x96,0xFC,0x8E,0x3D,0x77,0x7D,0x5F,0xDF,0x5F,
    0x5F,0x6F,0x5F,0x6F,0x5F,0x6F,0x5F,0x6F,0x5F,0x6F,0x5F,0x6F,0x5F,0x6F,0x5F,0x6F,
    0x5F,0x77,0x5F,0x77,0x5F,0x77,0x5F,0x77,0x5F,0x77,0x5F,0x77,0x5F,0x77,0x5F,0x77,
    0x5F,0x77,0x5F,0x77,0x5F,0x77,0x5F,0x77,0x5F,0x77,0x5F,0x77,0x5F,0x77,0x5F,0x77,
    0x3F,0x77,0x5F,0x7F,0x5F,0x87,0xFD,0x7E,0xBB,0x86,0x9A,0x86,0x39,0x86,0xF7,0x85,
    0x9A,0x9E,0x9A,0x9E,0x9A,0x96,0x9B,0x96,0x9B,0x8E,0xBC,0x8E,0xDD,0x8E,0x1E,0x97,
    0x1D,0x8F,0x3E,0x7F,0x3F,0x87,0x9F,0x8E,0xDD,0x95,0x5A,0x95,0x56,0x8D,0xC1,0x00,
    0x60,0x00,0x20,0x00,0x44,0x39,0xB6,0xC5,0xB2,0x9C,0x24,0x21,0x00,0x00,0x00,0x10,
    0x02,0x59,0xB8,0xFE,0x56,0xFE,0x35,0xF6,0x35,0xF6,0x75,0xF6,0x54,0xF6,0x34,0xEE,
    0x34,0xEE,0xF0,0xC4,0xF0,0xC4,0x31,0xD5,0x55,0xFE,0xD2,0xED,0x4C,0xBC,0xB1,0xED,
    0x53,0xFE,0x96,0xFE,0x15,0xF6,0x81,0x28,0x20,0x00,0x47,0x0A,0xAF,0x34,0x97,0x66,
    0x7C,0x87,0x5D,0x7F,0x5E,0x77,0x9F,0x77,0x7F,0x67,0x3F,0x5F,0x3F,0x6F,0x3F,0x7F,
    0xFA,0x9D,0x9F,0xD7,0xFF,0xEF,0xDF,0xEF,0xFE,0xFF,0xFE,0xFF,0xFD,0xFF,0xFE,0xFF,
    0xFF,0xFF,0xFF,0xFF,0xFF,0xF7,0xDF,0xF7,0xFF,0xF7,0xFF,0xFF,0xFF,0xFF,0xFF,0xFF,
    0xFE,0xFF,0xFE,0xFF,0xFF,0xFF,0xFF,0xFF,0xFF,0xFF,0xFF,0xFF,0xFF,0xFF,0xDF,0xFF,
    0x9F,0xFF,0xFF,0xFF,0xFF,0xF7,0xFC,0xB6,0x7A,0x86,0xFC,0x7E,0x5E,0x6F,0x7F,0x67,
    0x5F,0x6F,0x5F,0x6F,0x5F,0x6F,0x5F,0x6F,0x5F,0x6F,0x5F,0x6F,0x5F,0x6F,0x5F,0x6F,
    0x5F,0x77,0x5F,0x77,0x5F,0x77,0x5F,0x77,0x5F,0x77,0x5F,0x77,0x5F,0x77,0x5F,0x77,
    0x5F,0x77,0x5F,0x77,0x5F,0x77,0x5F,0x77,0x5F,0x77,0x5F,0x77,0x5F,0x77,0x5F,0x77,
    0x5F,0x6F,0x3F,0x6F,0x3F,0x77,0x7F,0x7F,0x5F,0x87,0xFD,0x86,0xDC,0x86,0xDC,0x8E,
    0xFD,0x96,0xFD,0x96,0xFD,0x8E,0xDD,0x86,0xDD,0x86,0xDE,0x7E,0x1F,0x87,0x3F,0x87,
    0x5C,0x77,0x7E,0x77,0x9F,0x77,0x1F,0x7F,0xBE,0x8E,0x7C,0x9E,0x92,0x6C,0x60,0x00,
    0x40,0x00,0x00,0x00,0x32,0xC5,0x57,0xE6,0x58,0xDE,0x16,0xD6,0x4B,0x83,0x85,0x59,
    0xD0,0xD4,0xF4,0xF5,0x96,0xFE,0x75,0xFE,0x95,0xFE,0x74,0xFE,0x54,0xF6,0x55,0xF6,
    0x8E,0xBC,0xB7,0xFE,0x76,0xF6,0x96,0xFE,0x76,0xF6,0x35,0xF6,0xD7,0xFE,0xB3,0xE5,
    0x8B,0xBC,0x75,0xFE,0x57,0xFE,0x2D,0x8B,0x00,0x00,0xA1,0x00,0xAB,0x2B,0xAE,0x34,
    0x96,0x6E,0xF9,0x76,0x7E,0x7F,0x5F,0x67,0x5F,0x67,0xBF,0x77,0x5F,0x77,0xFE,0x76,
    0xDB,0xA5,0xBF,0xE7,0xFF,0xFF,0xFF,0xFF,0xDF,0xFF,0xDF,0xFF,0xBD,0xFF,0xDE,0xFF,
    0xDE,0xFF,0xFF,0xFF,0xFF,0xFF,0xFF,0xFF,0xFF,0xFF,0xFF,0xFF,0xFE,0xFF,0xBD,0xF7,
    0xFD,0xFF,0xFD,0xFF,0xFE,0xFF,0xFF,0xFF,0xFF,0xFF,0xFF,0xFF,0xFF,0xFF,0xFF,0xFF,
    0xFF,0xFF,0xFF,0xFF,0xDF,0xEF,0xFF,0xEF,0xFF,0xCF,0xF9,0x6D,0x3F,0x7F,0x9F,0x77,
    0x5F,0x6F,0x5F,0x6F,0x5F,0x6F,0x5F,0x6F,0x5F,0x6F,0x5F,0x6F,0x5F,0x6F,0x5F,0x6F,
    0x5F,0x77,0x5F,0x77,0x5F,0x77,0x5F,0x77,0x5F,0x77,0x5F,0x77,0x5F,0x77,0x5F,0x77,
    0x5F,0x77,0x5F,0x77,0x5F,0x77,0x5F,0x77,0x5F,0x77,0x5F,0x77,0x5F,0x77,0x5F,0x77,
    0x9F,0x6F,0x5F,0x67,0x5F,0x67,0x7F,0x77,0x7F,0x7F,0x5F,0x7F,0x7F,0x87,0x9F,0x8F,
    0x3F,0x87,0x5F,0x87,0x7F,0x87,0x7F,0x87,0x7F,0x87,0x5F,0x7F,0x5F,0x77,0x5F,0x77,
    0xDE,0x6F,0x9E,0x6F,0x5F,0x67,0x7F,0x6F,0x7F,0x77,0x3E,0x97,0x65,0x01,0x20,0x00,
    0x20,0x00,0xE6,0x6A,0xF8,0xFE,0x56,0xFE,0xD4,0xDD,0xCF,0xB4,0x10,0xCD,0x72,0xED,
    0x75,0xFE,0xB6,0xFE,0x54,0xFE,0x74,0xFE,0xB5,0xFE,0x33,0xF6,0x54,0xFE,0xCF,0xC4,
    0x96,0xFE,0x56,0xEE,0x77,0xF6,0xB8,0xFE,0x37,0xEE,0x94,0xD5,0x93,0xD5,0x16,0xE6,
    0xB3,0xEE,0xEE,0xC4,0x37,0xFE,0x97,0xE5,0x42,0x18,0x20,0x00,0xE0,0x00,0x2B,0x3C,
    0xCE,0x44,0x15,0x66,0x9D,0x87,0x9F,0x77,0x5F,0x67,0x5F,0x6F,0x1E,0x77,0x7F,0x8F,
    0x3C,0x9E,0x5C,0xA6,0x7F,0xD7,0xFF,0xF7,0xFF,0xF7,0xFF,0xFF,0xFF,0xFF,0xFF,0xFF,
    0xFF,0xFF,0xFF,0xFF,0xFF,0xF7,0xDF,0xF7,0xDF,0xF7,0xDE,0xFF,0xFE,0xFF,0xFE,0xFF,
    0xFD,0xFF,0xFE,0xFF,0xFE,0xFF,0xFE,0xFF,0xFE,0xFF,0xFE,0xFF,0xFE,0xFF,0xFE,0xFF,
    0xFE,0xFF,0xBD,0xFF,0xFF,0xFF,0xFF,0xEF,0xFF,0xDF,0xDD,0x96,0xDE,0x7E,0xFF,0x76,
    0x5F,0x6F,0x5F,0x6F,0x5F,0x6F,0x5F,0x6F,0x5F,0x6F,0x5F,0x6F,0x5F,0x6F,0x5F,0x6F,
    0x5F,0x77,0x5F,0x77,0x5F,0x77,0x5F,0x77,0x5F,0x77,0x5F,0x77,0x5F,0x77,0x5F,0x77,
    0x5F,0x77,0x5F,0x77,0x5F,0x77,0x5F,0x77,0x5F,0x77,0x5F,0x77,0x5F,0x77,0x5F,0x77,
    0x9F,0x67,0x9F,0x6F,0x9F,0x6F,0x7F,0x6F,0x5F,0x6F,0x3F,0x6F,0x1F,0x6F,0xFF,0x6E,
    0x1F,0x77,0x1F,0x77,0x3F,0x77,0x3F,0x6F,0x3F,0x6F,0x5F,0x6F,0x7F,0x6F,0x7F,0x77,
    0xDE,0x67,0x5E,0x6F,0x3F,0x6F,0xBF,0x67,0xBF,0x67,0xFB,0x76,0x81,0x00,0x40,0x10,
    0xC0,0x28,0xF1,0xD5,0x70,0xDD,0xCF,0xDC,0x92,0xED,0x17,0xFF,0x13,0xF6,0x91,0xFD,
    0xCE,0xC4,0xB1,0xE5,0x53,0xF6,0x73,0xFE,0x53,0xFE,0x94,0xFE,0x13,0xF6,0xB2,0xE5,
    0xB7,0xFE,0x77,0xF6,0xAD,0x93,0x81,0x28,0x00,0x10,0x00,0x10,0x20,0x18,0xA6,0x49,
    0x8F,0xBD,0x91,0xD5,0xB9,0xFE,0x18,0xF6,0xC7,0x59,0x00,0x00,0x40,0x00,0x24,0x1A,
    0x4C,0x4C,0xF0,0x54,0xF5,0x5D,0x1B,0x6F,0xDF,0x7F,0x7E,0x77,0xFD,0x76,0x3E,0x97,
    0x7F,0x8F,0x9B,0x7E,0x9B,0x86,0xFC,0x96,0x7A,0x96,0x59,0x96,0x5A,0x9E,0x19,0x9E,
    0x39,0xA6,0x9B,0xB6,0x5E,0xCF,0xBF,0xE7,0xFF,0xEF,0xFF,0xF7,0xFF,0xFF,0xFF,0xFF,
    0xDF,0xFF,0xFF,0xFF,0xFF,0xFF,0xFF,0xF7,0xFF,0xF7,0xFF,0xF7,0xFE,0xF7,0xFE,0xFF,
    0xDD,0xF7,0xFE,0xFF,0xFE,0xEF,0xFF,0xE7,0xFF,0xDF,0x1A,0x7E,0x7F,0x97,0x1F,0x87,
    0x5F,0x77,0x5F,0x77,0x5F,0x77,0x5F,0x77,0x5F,0x77,0x5F,0x77,0x5F,0x77,0x5F,0x77,
    0x5F,0x77,0x5F,0x77,0x5F,0x77,0x5F,0x77,0x5F,0x77,0x5F,0x77,0x5F,0x77,0x5F,0x77,
    0x5F,0x77,0x5F,0x77,0x5F,0x77,0x5F,0x77,0x5F,0x77,0x5F,0x77,0x5F,0x77,0x5F,0x77,
    0x5F,0x6F,0x9F,0x6F,0x9F,0x77,0x7F,0x6F,0x7F,0x77,0x9F,0x77,0x7F,0x77,0x5F,0x77,
    0x9F,0x7F,0x7F,0x7F,0x7F,0x77,0x5F,0x77,0x5F,0x6F,0x5F,0x6F,0x5F,0x6F,0x5F,0x6F,
    0x7E,0x67,0xFE,0x7E,0x3F,0x87,0xDF,0x6F,0xFF,0x67,0x3C,0x7F,0x50,0x7C,0x0E,0xAC,
    0xCE,0xC4,0xD5,0xFE,0xCD,0xD4,0x34,0xFE,0x95,0xFE,0x33,0xEE,0xF6,0xFE,0x13,0xFE,
    0xB4,0xF6,0x2E,0xC5,0x32,0xEE,0x73,0xFE,0x53,0xFE,0x94,0xFE,0x8D,0xC4,0x55,0xF6,
    0xF5,0xE5,0x6C,0x8B,0x00,0x10,0x00,0x08,0x41,0x10,0x00,0x00,0x00,0x00,0x00,0x00,
    0x80,0x18,0x14,0xDE,0x97,0xFE,0xF6,0xF5,0xB1,0xC4,0x00,0x10,0x80,0x10,0x40,0x00,
    0x4A,0x43,0x4D,0x54,0x6D,0x44,0x51,0x45,0xF8,0x66,0xBD,0x87,0x7E,0x8F,0xDD,0x86,
    0x5E,0x67,0x9F,0x77,0x3D,0x6F,0xFC,0x6E,0x5E,0x87,0x3D,0x87,0xDC,0x86,0x3E,0x97,
    0x1E,0x97,0xDE,0x96,0x9C,0x8E,0x1A,0x86,0xB9,0x7D,0xD8,0x85,0x19,0x96,0x5A,0xA6,
    0xFF,0xEF,0xFF,0xEF,0xFF,0xEF,0xFF,0xE7,0xFF,0xE7,0xFF,0xE7,0xFF,0xE7,0xFF,0xE7,
    0xFF,0xEF,0xFF,0xE7,0xFF,0xDF,0x18,0x8E,0xD8,0x75,0x5B,0x7E,0x3F,0x8F,0xFE,0x7E,
    0x5F,0x77,0x5F,0x77,0x5F,0x77,0x5F,0x77,0x5F,0x77,0x5F,0x77,0x5F,0x77,0x5F,0x77,
    0x5F,0x7F,0x5F,0x7F,0x5F,0x7F,0x5F,0x7F,0x5F,0x7F,0x5F,0x7F,0x5F,0x7F,0x5F,0x7F,
    0x5F,0x7F,0x5F,0x7F,0x5F,0x7F,0x5F,0x7F,0x5F,0x7F,0x5F,0x7F,0x5F,0x7F,0x5F,0x7F,
    0x9E,0x7F,0x9E,0x7F,0x7E,0x7F,0x3E,0x77,0x3F,0x77,0x5F,0x77,0x7F,0x7F,0x7F,0x7F,
    0x3F,0x77,0x5F,0x77,0x5F,0x77,0x7F,0x7F,0x9F,0x7F,0x9F,0x7F,0x7F,0x77,0x7E,0x77,
    0x9F,0x87,0x1F,0x97,0xFF,0x9E,0x3F,0x6F,0x9E,0x57,0xFB,0x76,0x55,0xAD,0xD6,0xFD,
    0xB6,0xFE,0xAC,0xC4,0x33,0xFE,0x34,0xFE,0x75,0xFE,0x94,0xEE,0x74,0xF6,0x54,0xFE,
    0xD5,0xEE,0x33,0xDE,0x50,0xCD,0x33,0xF6,0x94,0xFE,0x75,0xFE,0x75,0xFE,0x76,0xFE,
    0x6F,0xB4,0x00,0x18,0x00,0x08,0x41,0x10,0x87,0x31,0x6A,0x4A,0x42,0x00,0x01,0x00,
    0x00,0x08,0xED,0x9B,0x56,0xFE,0x34,0xFE,0x54,0xF6,0x00,0x39,0x00,0x08,0x20,0x08,
    0x85,0x29,0x4E,0x74,0x8C,0x5C,0xAA,0x3C,0x2D,0x3D,0xF3,0x55,0x5D,0x8F,0x3F,0x97,
    0x5E,0x67,0xFF,0x7F,0xBF,0x7F,0x7F,0x77,0xBF,0x7F,0x9F,0x7F,0x1F,0x6F,0x5F,0x77,
    0x5F,0x77,0x5F,0x77,0x5F,0x7F,0x5F,0x7F,0x5F,0x7F,0x5F,0x7F,0x5E,0x87,0x5E,0x87,
    0x9A,0x85,0x9A,0x85,0xBA,0x7D,0xDA,0x7D,0xFA,0x7D,0x19,0x7E,0x39,0x86,0x39,0x86,
    0xF8,0x7D,0xF8,0x7D,0x18,0x7E,0xFC,0x96,0x9F,0x9F,0x1D,0x7F,0x9F,0x87,0x7F,0x7F,
    0x5F,0x77,0x5F,0x77,0x5F,0x77,0x5F,0x77,0x5F,0x77,0x5F,0x77,0x5F,0x77,0x5F,0x77,
    0x5F,0x7F,0x5F,0x7F,0x5F,0x7F,0x5F,0x7F,0x5F,0x7F,0x5F,0x7F,0x5F,0x7F,0x5F,0x7F,
    0x5F,0x7F,0x5F,0x7F,0x5F,0x7F,0x5F,0x7F,0x5F,0x7F,0x5F,0x7F,0x5F,0x7F,0x5F,0x7F,
    0x5D,0x87,0x5D,0x87,0x5E,0x87,0x7F,0x87,0x7F,0x87,0x5F,0x7F,0x5F,0x7F,0x5F,0x7F,
    0x7F,0x7F,0x7F,0x7F,0x5F,0x7F,0x5F,0x7F,0x5F,0x7F,0x7F,0x7F,0x7F,0x7F,0x7F,0x7F,
    0x1F,0x87,0xBF,0xA6,0xBF,0xA6,0x3F,0x7F,0xFF,0x67,0xDE,0x97,0x31,0x94,0x58,0xFE,
    0x10,0xE5,0xF2,0xED,0x54,0xFE,0xF4,0xFD,0x76,0xFE,0x33,0xD6,0xCA,0x8B,0x65,0x7A,
    0x24,0x52,0xE7,0x6A,0x30,0xBD,0x95,0xF6,0x96,0xFE,0x55,0xFE,0x35,0xFE,0x76,0xFE,
    0x84,0x51,0x00,0x08,0x40,0x10,0xCF,0x73,0xFF,0xFF,0xFF,0xFF,0x6E,0x63,0x21,0x00,
    0x00,0x10,0x8C,0x93,0x14,0xF6,0xD4,0xFE,0x72,0xFE,0x27,0x83,0x40,0x20,0x00,0x10,
    0x08,0x5A,0xED,0x83,0xA7,0x5B,0x88,0x54,0x2A,0x4D,0xCD,0x34,0x78,0x6E,0x1E,0x8F,
    0x7F,0x87,0xFE,0x76,0x3F,0x7F,0x7F,0x7F,0x1F,0x6F,0x5F,0x77,0x9F,0x7F,0x5F,0x6F,
    0x7F,0x6F,0x7F,0x67,0x7F,0x67,0x7F,0x67,0x9F,0x67,0xBF,0x6F,0x9F,0x6F,0x9E,0x67,
    0xFF,0x96,0xFF,0x96,0xFF,0x8E,0x1F,0x8F,0x1F,0x8F,0x3F,0x8F,0x3F,0x8F,0x3E,0x8F,
    0x5F,0x8F,0x1E,0x87,0x5E,0x8F,0x3E,0x87,0x3E,0x7F,0x9F,0x87,0x5E,0x6F,0x7E,0x77,
    0x5F,0x7F,0x5F,0x7F,0x5F,0x7F,0x5F,0x7F,0x5F,0x7F,0x5F,0x7F,0x5F,0x7F,0x5F,0x7F,
    0x5F,0x87,0x5F,0x87,0x5F,0x87,0x5F,0x87,0x5F,0x87,0x5F,0x87,0x5F,0x87,0x5F,0x87,
    0x5F,0x87,0x5F,0x87,0x5F,0x87,0x5F,0x87,0x5F,0x87,0x5F,0x87,0x5F,0x87,0x5F,0x87,
    0x5E,0x8F,0x3E,0x87,0x3E,0x87,0x5F,0x87,0x7F,0x8F,0x7F,0x87,0x5F,0x87,0x5F,0x7F,
    0x9F,0x87,0x7F,0x87,0x5F,0x7F,0x3F,0x7F,0x7F,0x87,0xBF,0x8F,0x7F,0x87,0x1D,0x77,
    0x3F,0x87,0xFF,0xAE,0xBF,0xA6,0x3F,0x7F,0xDF,0x5F,0x5C,0x87,0x72,0x9C,0x18,0xFE,
    0xF0,0xDC,0x95,0xFE,0x96,0xFE,0xF5,0xFD,0xD1,0xBC,0xC0,0x18,0x00,0x00,0x00,0x18,
    0x00,0x00,0x20,0x08,0x00,0x10,0x8B,0x93,0x56,0xF6,0x56,0xFE,0x77,0xFE,0x56,0xF6,
    0x40,0x20,0x00,0x08,0x00,0x00,0xBA,0xD6,0xFF,0xF7,0xFF,0xEF,0x6E,0x5B,0x21,0x00,
    0x00,0x18,0x6C,0x9B,0x95,0xFE,0x72,0xFE,0x92,0xF6,0xAC,0xAC,0x40,0x20,0x45,0x49,
    0x38,0xF6,0x97,0xF6,0xB0,0xC5,0x22,0x43,0x09,0x5D,0x4D,0x4D,0x4E,0x2C,0x3D,0x8F,
    0x3F,0x8F,0xDE,0x7E,0x7F,0x8F,0x3F,0x87,0x5F,0x7F,0x5F,0x7F,0x7F,0x77,0x7F,0x77,
    0x7F,0x77,0x7F,0x77,0x7F,0x77,0x7F,0x6F,0x7F,0x77,0x9E,0x77,0x9E,0x77,0x9E,0x77,
    0x5D,0x8F,0x5D,0x8F,0x7E,0x87,0x5E,0x87,0x3E,0x7F,0x3E,0x7F,0x5F,0x7F,0x5F,0x7F,
    0x1F,0x77,0x9F,0x8F,0x5F,0x7F,0x3F,0x77,0x9F,0x7F,0x7F,0x77,0x5D,0x6F,0xDF,0x77,
    0x5F,0x7F,0x5F,0x7F,0x5F,0x7F,0x5F,0x7F,0x5F,0x7F,0x5F,0x7F,0x5F,0x7F,0x5F,0x7F,
    0x5F,0x87,0x5F,0x87,0x5F,0x87,0x5F,0x87,0x5F,0x87,0x5F,0x87,0x5F,0x87,0x5F,0x87,
    0x5F,0x87,0x5F,0x87,0x5F,0x87,0x5F,0x87,0x5F,0x87,0x5F,0x87,0x5F,0x87,0x5F,0x87,
    0x5F,0x8F,0x5F,0x8F,0x7F,0x8F,0x5F,0x8F,0x3F,0x87,0x1F,0x7F,0x5F,0x87,0x9F,0x8F,
    0x3F,0x7F,0x5F,0x7F,0x7F,0x87,0x5F,0x87,0x1F,0x7F,0x1F,0x7F,0x7F,0x87,0xDF,0x97,
    0x7F,0x7F,0xDF,0x96,0xDF,0x96,0x5F,0x77,0xFF,0x6F,0x5C,0x87,0x10,0x84,0x17,0xFE,
    0x31,0xDD,0x96,0xF6,0x36,0xEE,0x95,0xE5,0x40,0x18,0x20,0x00,0x20,0x00,0x00,0x08,
    0x00,0x00,0x40,0x08,0x00,0x10,0x00,0x18,0x94,0xDD,0x57,0xFE,0x36,0xF6,0xB8,0xFE,
    0x22,0x41,0x00,0x08,0x20,0x00,0x0F,0x7C,0xDA,0xCE,0x71,0x84,0x40,0x00,0x00,0x00,
    0x00,0x20,0x94,0xE5,0xF3,0xF5,0xB4,0xFE,0x93,0xEE,0x33,0xDE,0x62,0x41,0xD5,0xE5,
    0x78,0xFE,0x35,0xFE,0x73,0xF6,0x2C,0x9D,0x27,0x54,0x0C,0x4D,0xCE,0x3C,0xB3,0x55,
    0xBF,0x97,0x1E,0x87,0x3F,0x87,0x3F,0x7F,0x7F,0x87,0x5F,0x77,0xDF,0x87,0xDE,0x6E,
    0x3F,0x7F,0x5E,0x87,0x5D,0x8F,0xFB,0x86,0x37,0x6E,0x53,0x55,0xB0,0x44,0x4E,0x3C,
    0xCE,0x34,0xAD,0x2C,0xCF,0x2C,0xB3,0x45,0xD9,0x6E,0x9D,0x87,0x7E,0x7F,0x1E,0x77,
    0x5F,0x7F,0x3F,0x77,0x7F,0x7F,0x7F,0x7F,0x3F,0x6F,0xBF,0x7F,0xFF,0x7F,0x5E,0x6F,
    0x5F,0x7F,0x5F,0x7F,0x5F,0x7F,0x5F,0x7F,0x5F,0x7F,0x5F,0x7F,0x5F,0x7F,0x5F,0x7F,
    0x5F,0x87,0x5F,0x87,0x5F,0x87,0x5F,0x87,0x5F,0x87,0x5F,0x87,0x5F,0x87,0x5F,0x87,
    0x7F,0x87,0x7F,0x87,0x7F,0x87,0x7F,0x87,0x7F,0x87,0x7F,0x87,0x7F,0x87,0x7F,0x87,
    0x5F,0x87,0x7F,0x8F,0x3F,0x87,0x1F,0x7F,0x5F,0x87,0xDF,0x8F,0x9F,0x87,0xDE,0x76,
    0x9F,0x87,0x5F,0x7F,0x5F,0x7F,0x7F,0x87,0x9F,0x87,0x7F,0x87,0x3F,0x7F,0x1F,0x7F,
    0xDF,0x6F,0x3F,0x7F,0x1F,0x7F,0xFF,0x7F,0x9E,0x5F,0x9D,0x8F,0x91,0x84,0x16,0xEE,
    0x55,0xEE,0xF7,0xF6,0xB8,0xF6,0xE3,0x40,0x41,0x10,0x20,0x00,0x6A,0x42,0x97,0xBD,
    0xFC,0xD6,0x86,0x29,0x00,0x08,0x00,0x18,0x33,0xD5,0xB8,0xFE,0x36,0xF6,0x16,0xEE,
    0x2A,0x83,0x00,0x08,0x20,0x00,0x00,0x00,0x00,0x00,0x00,0x00,0x00,0x00,0x00,0x00,
    0x66,0x7A,0x55,0xFE,0x35,0xFE,0x96,0xFE,0xD6,0xFE,0xD5,0xEE,0xEA,0x93,0xB6,0xFE,
    0x34,0xFE,0xD3,0xFD,0x75,0xFE,0x73,0xDE,0x87,0x53,0xCB,0x54,0x2D,0x4D,0x8B,0x34,
    0x5A,0x6E,0x9F,0x97,0x7F,0x87,0xBF,0x8F,0x7F,0x87,0x1E,0x77,0x9F,0x87,0xBF,0x8F,
    0xBD,0x9F,0xD9,0x86,0x92,0x6D,0xAE,0x54,0x4C,0x54,0x4B,0x5C,0x6B,0x64,0x8B,0x64,
    0x2A,0x3D,0x4A,0x45,0x2B,0x3D,0xCA,0x34,0xAC,0x2C,0x30,0x3D,0x77,0x6E,0x7D,0x8F,
    0xBF,0x8F,0x3F,0x7F,0x5F,0x87,0xBF,0x8F,0x5F,0x7F,0x7F,0x7F,0xBF,0x7F,0x5F,0x77,
    0x5F,0x87,0x5F,0x87,0x5F,0x87,0x5F,0x87,0x5F,0x87,0x5F,0x87,0x5F,0x87,0x5F,0x87,
    0x7F,0x87,0x7F,0x87,0x7F,0x87,0x7F,0x87,0x7F,0x87,0x7F,0x87,0x7F,0x87,0x7F,0x87,
    0x7F,0x87,0x7F,0x87,0x7F,0x87,0x7F,0x87,0x7F,0x87,0x7F,0x87,0x7F,0x87,0x7F,0x87,
    0x5F,0x87,0x3F,0x7F,0x7F,0x87,0xBF,0x8F,0x9F,0x8F,0x3E,0x7F,0x5E,0x7F,0xFF,0x97,
    0x7E,0x87,0x7E,0x87,0x7F,0x87,0x5F,0x87,0x5F,0x7F,0x3F,0x7F,0x7F,0x87,0x7F,0x87,
    0xFF,0x67,0x9F,0x6F,0x7F,0x77,0xFF,0x77,0x9E,0x6F,0x9D,0x9F,0xB5,0xA5,0x11,0xB5,
    0xB6,0xEE,0xD6,0xEE,0x52,0xCD,0x00,0x10,0x00,0x00,0x41,0x00,0x9F,0xE7,0xBF,0xF7,
    0xFF,0xF7,0x51,0x84,0x00,0x08,0x00,0x18,0x33,0xD5,0xF6,0xF5,0xB8,0xFE,0x56,0xFE,
    0xF4,0xDD,0x25,0x5A,0x00,0x08,0x00,0x00,0xA0,0x18,0x40,0x10,0x00,0x08,0x8C,0x8B,
    0x73,0xFE,0x13,0xFE,0x56,0xFE,0xF5,0xF5,0x97,0xF6,0xB6,0xEE,0xD5,0xF6,0x73,0xFE,
    0x53,0xFE,0x54,0xFE,0x55,0xFE,0xB6,0xEE,0x0B,0x74,0xAB,0x5C,0xEA,0x4C,0x88,0x3C,
    0xF3,0x54,0x5D,0x9F,0xFC,0x8E,0xDB,0x86,0x7A,0x6E,0x7D,0x87,0x1A,0x7F,0x5A,0x8F,
    0x71,0x55,0xED,0x4C,0x8A,0x4C,0x89,0x54,0xE9,0x64,0x09,0x75,0xC8,0x6C,0x87,0x64,
    0x06,0x3D,0x47,0x45,0x89,0x55,0x8A,0x55,0x4A,0x4D,0xEB,0x44,0xED,0x44,0xF0,0x44,
    0x99,0x76,0x5E,0x8F,0x5F,0x8F,0x3F,0x87,0x7F,0x8F,0x5F,0x87,0x3F,0x7F,0x9F,0x87,
    0x5F,0x87,0x5F,0x87,0x5F,0x87,0x5F,0x87,0x5F,0x87,0x5F,0x87,0x5F,0x87,0x5F,0x87,
    0x7F,0x8F,0x7F,0x8F,0x7F,0x8F,0x7F,0x8F,0x7F,0x8F,0x7F,0x8F,0x7F,0x8F,0x7F,0x8F,
    0x5F,0x8F,0x5F,0x8F,0x5F,0x8F,0x5F,0x8F,0x5F,0x8F,0x5F,0x8F,0x5F,0x8F,0x5F,0x8F,
    0x5F,0x7F,0x9F,0x87,0xBF,0x8F,0x7F,0x87,0x7E,0x87,0x9E,0x8F,0x9D,0x8F,0x5B,0x87,
    0x1A,0x7F,0x5B,0x87,0x7C,0x8F,0x7D,0x8F,0x9E,0x8F,0xBF,0x97,0x9F,0x8F,0x5F,0x87,
    0xBD,0x67,0xFF,0x77,0xFF,0x87,0x3E,0x6F,0x7E,0x8F,0xFB,0xA6,0xB8,0xC6,0xCA,0x83,
    0xD5,0xEE,0xB5,0xEE,0xD0,0xBC,0x00,0x18,0x00,0x00,0x62,0x00,0x52,0x7C,0xFF,0xFF,
    0xD7,0xAD,0x62,0x08,0x00,0x08,0x40,0x28,0x16,0xF6,0x97,0xFE,0xD3,0xF5,0xD7,0xFE,
    0xB6,0xFE,0x54,0xE6,0x50,0xBD,0x8A,0x83,0x04,0x52,0xCC,0x9B,0x53,0xD5,0xB8,0xFE,
    0xB2,0xFE,0x73,0xFE,0x35,0xFE,0x37,0xFE,0x37,0xF6,0x96,0xF6,0xB4,0xF6,0x52,0xFE,
    0x31,0xFE,0x33,0xFE,0x14,0xFE,0x76,0xEE,0xEF,0x94,0x8B,0x64,0xA9,0x5C,0x87,0x4C,
    0x95,0xA5,0x95,0x95,0x17,0x9E,0x54,0x75,0x74,0x6D,0x7B,0x9F,0x96,0x7E,0xAD,0x3C,
    0xEC,0x44,0xEA,0x44,0xE9,0x4C,0xE7,0x4C,0xC6,0x4C,0xC6,0x4C,0xE6,0x54,0x27,0x5D,
    0x67,0x55,0x06,0x4D,0xC5,0x44,0xC5,0x44,0xE7,0x4C,0x09,0x55,0xEA,0x4C,0xAC,0x44,
    0xAE,0x44,0x99,0x7E,0x5D,0x8F,0xFE,0x86,0x3F,0x87,0x9F,0x8F,0x5F,0x8F,0x7F,0x8F,
    0x7F,0x87,0x7F,0x87,0x7F,0x87,0x7F,0x87,0x7F,0x87,0x7F,0x87,0x7F,0x87,0x7F,0x87,
    0x7F,0x8F,0x7F,0x8F,0x7F,0x8F,0x7F,0x8F,0x7F,0x8F,0x7F,0x8F,0x7F,0x8F,0x7F,0x8F,
    0x7F,0x8F,0x7F,0x8F,0x7F,0x8F,0x7F,0x8F,0x7F,0x8F,0x7F,0x8F,0x7F,0x8F,0x7F,0x8F,
    0x7F,0x8F,0xDF,0x97,0x9F,0x8F,0x3C,0x87,0x5B,0x8F,0x9B,0x97,0x55,0x76,0xCD,0x3C,
    0x2B,0x2C,0x2B,0x2C,0x8D,0x34,0x51,0x4D,0x77,0x76,0x5C,0x8F,0x9E,0x97,0x7E,0x8F,
    0xDE,0x7F,0xFF,0x87,0xDC,0x66,0x9F,0x9F,0x3E,0xB7,0xF3,0x8C,0x4F,0x94,0x95,0xDE,
    0x73,0xE6,0x57,0xFF,0x51,0xDD,0x00,0x18,0x00,0x08,0x20,0x00,0x42,0x00,0x00,0x00,
    0x00,0x00,0x20,0x00,0x20,0x10,0xEA,0x82,0x97,0xFE,0x14,0xFE,0x54,0xFE,0x54,0xFE,
    0x54,0xF6,0xB5,0xF6,0xB5,0xF6,0x95,0xEE,0x55,0xF6,0x97,0xFE,0x98,0xFE,0xD5,0xFD,
    0x30,0xEE,0x73,0xFE,0x55,0xFE,0x78,0xFE,0x37,0xFE,0x97,0xFE,0x54,0xF6,0x93,0xFE,
    0x94,0xFE,0x12,0xFE,0x75,0xFE,0xB6,0xEE,0x50,0x9D,0x6A,0x6C,0xA9,0x64,0x26,0x54,
    0x94,0xD5,0x53,0xC5,0x16,0xCE,0xB0,0x84,0x19,0xC7,0xD3,0x85,0x0B,0x3C,0xCC,0x4C,
    0xEB,0x4C,0x2A,0x4D,0x69,0x55,0x69,0x55,0x48,0x4D,0x28,0x45,0x27,0x45,0x08,0x3D,
    0xE8,0x4C,0x08,0x55,0x48,0x5D,0x28,0x5D,0x07,0x5D,0xC7,0x54,0xC8,0x54,0xEA,0x54,
    0x8B,0x44,0x10,0x4D,0x98,0x7E,0xDF,0x9F,0x7F,0x8F,0x3F,0x87,0x7F,0x8F,0x7F,0x8F,
    0x7F,0x8F,0x7F,0x8F,0x7F,0x8F,0x7F,0x8F,0x7F,0x8F,0x7F,0x8F,0x7F,0x8F,0x7F,0x8F,
    0x7F,0x8F,0x7F,0x8F,0x7F,0x8F,0x7F,0x8F,0x7F,0x8F,0x7F,0x8F,0x7F,0x8F,0x7F,0x8F,
    0x7F,0x8F,0x7F,0x8F,0x7F,0x8F,0x7F,0x8F,0x7F,0x8F,0x7F,0x8F,0x7F,0x8F,0x7F,0x8F,
    0x7F,0x97,0x3E,0x8F,0x7D,0x97,0x9C,0x97,0x96,0x7E,0xEE,0x4C,0x6A,0x3C,0xCA,0x4C,
    0x0B,0x55,0xEB,0x54,0xCC,0x4C,0xAC,0x4C,0x8D,0x44,0xF0,0x4C,0x57,0x76,0xBD,0xA7,
    0x9E,0x97,0x5D,0x87,0xBF,0x9F,0x3F,0xB7,0x91,0x73,0x97,0xCD,0xB8,0xF6,0x53,0xDE,
    0x93,0xEE,0x53,0xFE,0x55,0xFE,0x88,0x7A,0x00,0x08,0x40,0x00,0x00,0x00,0x82,0x10,
    0x20,0x00,0x00,0x00,0xA4,0x41,0x57,0xF6,0x56,0xFE,0x75,0xFE,0x95,0xFE,0xF2,0xFD,
    0x73,0xFE,0x94,0xF6,0x74,0xF6,0x75,0xF6,0xD7,0xFE,0x15,0xFE,0xD4,0xFD,0x36,0xFE,
    0xF3,0xFE,0x52,0xFE,0x54,0xFE,0x15,0xFE,0x16,0xFE,0x97,0xFE,0x75,0xFE,0x54,0xFE,
    0x95,0xFE,0x34,0xFE,0x95,0xFE,0x53,0xDE,0xEC,0x8C,0x49,0x6C,0x69,0x6C,0x89,0x74,
    0x55,0xFE,0x6E,0xC4,0xD8,0xFE,0x35,0xCE,0x71,0x9D,0xCA,0x53,0xAD,0x64,0xCC,0x5C,
    0xEB,0x54,0xC9,0x4C,0xA8,0x44,0xC8,0x44,0x09,0x4D,0x2A,0x4D,0x2B,0x4D,0x0A,0x45,
    0xAB,0x54,0xAA,0x4C,0xA9,0x4C,0xC8,0x54,0xE8,0x5C,0x08,0x5D,0xE8,0x5C,0xE9,0x54,
    0x4C,0x5D,0x8C,0x3C,0x92,0x55,0x7B,0x8F,0xBE,0x97,0x5D,0x87,0x5F,0x87,0x9F,0x8F,
    0x7F,0x8F,0x7F,0x8F,0x7F,0x8F,0x7F,0x8F,0x7F,0x8F,0x7F,0x8F,0x7F,0x8F,0x7F,0x8F,
    0x7F,0x8F,0x7F,0x8F,0x7F,0x8F,0x7F,0x8F,0x7F,0x8F,0x7F,0x8F,0x7F,0x8F,0x7F,0x8F,
    0x7F,0x8F,0x7F,0x8F,0x7F,0x8F,0x7F,0x8F,0x7F,0x8F,0x7F,0x8F,0x7F,0x8F,0x7F,0x8F,
    0x3E,0x8F,0xDF,0x9F,0x7C,0x97,0xD4,0x65,0xAD,0x44,0xCB,0x4C,0x0B,0x55,0xE9,0x54,
    0xE9,0x5C,0xA8,0x4C,0xCA,0x54,0x2C,0x5D,0xCD,0x54,0x6D,0x44,0x31,0x5D,0xB8,0x8E,
    0x3D,0x9F,0x5D,0x97,0x7F,0xA7,0x95,0x74,0xDB,0xD5,0xBC,0xFE,0x57,0xF6,0xB4,0xF6,
    0xB3,0xFE,0x32,0xFE,0x54,0xFE,0x97,0xFE,0xED,0x8B,0x03,0x21,0x00,0x00,0x00,0x00,
    0x23,0x19,0xAD,0x7B,0x98,0xE6,0x97,0xFE,0x35,0xFE,0x34,0xFE,0x53,0xFE,0x53,0xFE,
    0x93,0xFE,0x73,0xFE,0x94,0xFE,0x74,0xFE,0xF3,0xF5,0x56,0xFE,0xF5,0xFD,0xD5,0xFD,
    0x92,0xEE,0xD4,0xFE,0x33,0xFE,0x75,0xFE,0xF4,0xFD,0x14,0xFE,0x69,0x9B,0x6A,0xA3,
    0xEC,0xBB,0xAE,0xD4,0xAD,0xBC,0x2A,0x94,0xC7,0x6B,0x28,0x6C,0x6A,0x7C,0x10,0xB6,
    0x33,0xFE,0x95,0xFE,0x34,0xF6,0x2C,0x94,0x89,0x6B,0x0B,0x64,0x8C,0x64,0xAB,0x5C,
    0xCA,0x5C,0xEA,0x5C,0xEA,0x5C,0xEA,0x5C,0xCA,0x54,0xCB,0x54,0xCC,0x4C,0xED,0x54,
    0xCE,0x54,0xCD,0x54,0xCC,0x54,0xCA,0x54,0xC8,0x5C,0xE7,0x5C,0xE7,0x5C,0x09,0x55,
    0xEA,0x4C,0x0D,0x4D,0xCE,0x3C,0x93,0x4D,0x5C,0x7F,0xFF,0x97,0x9F,0x87,0x7F,0x87,
    0x7F,0x8F,0x7F,0x8F,0x7F,0x8F,0x7F,0x8F,0x7F,0x8F,0x7F,0x8F,0x7F,0x8F,0x7F,0x8F,
    0x7F,0x97,0x7F,0x97,0x7F,0x97,0x7F,0x97,0x7F,0x97,0x7F,0x97,0x7F,0x97,0x7F,0x97,
    0x9F,0x9F,0x5E,0x97,0x9F,0x97,0x5E,0x8F,0x9F,0x9F,0x3F,0x8F,0x7F,0x97,0x5F,0x97,
    0xFB,0xBF,0xB5,0x8E,0x4F,0x65,0xCC,0x4C,0xEB,0x54,0x0A,0x55,0x09,0x55,0x08,0x4D,
    0x08,0x55,0x08,0x55,0x08,0x55,0x08,0x55,0xE9,0x54,0xEA,0x54,0xEA,0x54,0xEA,0x54,
    0x99,0x77,0x9A,0x9F,0x36,0xA6,0x73,0xA5,0xF8,0xE6,0xB7,0xEE,0x55,0xFE,0xF4,0xFD,
    0x34,0xFE,0x74,0xFE,0x94,0xEE,0xB4,0xF6,0x96,0xFE,0x75,0xFE,0x35,0xEE,0x14,0xD6,
    0x34,0xFE,0x33,0xFE,0x54,0xFE,0x95,0xFE,0x74,0xFE,0x54,0xFE,0x54,0xFE,0x76,0xFE,
    0x15,0xFE,0x35,0xFE,0x15,0xFE,0xF4,0xFD,0x54,0xFE,0xB5,0xFE,0x94,0xF6,0x73,0xEE,
    0xD3,0xFD,0x53,0xFE,0xD4,0xEE,0x95,0xFE,0x70,0xFC,0x87,0xF1,0x43,0xD8,0x06,0xE1,
    0x24,0xB1,0x8B,0xB3,0x2A,0x7C,0xE8,0x63,0xC9,0x83,0x72,0xE5,0x75,0xFE,0xB4,0xE6,
    0x50,0xC5,0xF6,0xEE,0x74,0xD6,0x16,0xD7,0xD0,0x9D,0xE8,0x4B,0x0B,0x5D,0xEA,0x4C,
    0x2A,0x45,0x2A,0x45,0x2A,0x45,0x29,0x45,0x09,0x4D,0x08,0x4D,0x08,0x55,0xE8,0x54,
    0x08,0x4D,0x08,0x4D,0x09,0x55,0xEA,0x54,0xEA,0x54,0xEA,0x54,0xEA,0x54,0xE9,0x54,
    0xE9,0x54,0x09,0x55,0xCA,0x4C,0xCC,0x4C,0xD3,0x6D,0x1C,0x97,0x9F,0xA7,0x3F,0x9F,
    0x7F,0x97,0x7F,0x97,0x5F,0x8F,0x7F,0x8F,0x9F,0x97,0x7F,0x8F,0x5E,0x8F,0x7F,0x97,
    0x7F,0x97,0x7F,0x97,0x7F,0x97,0x7F,0x97,0x7F,0x97,0x7F,0x97,0x7F,0x97,0x7F,0x97,
    0x7F,0x97,0x9F,0x9F,0x9F,0x9F,0x9F,0x9F,0x5E,0x97,0xFF,0xA7,0xDE,0x86,0xFF,0xA7,
    0x94,0x86,0xB1,0x6D,0xED,0x54,0xAB,0x4C,0xEA,0x4C,0x0A,0x55,0x09,0x55,0x29,0x55,
    0x08,0x55,0x08,0x55,0x08,0x55,0x08,0x55,0xE9,0x54,0xEA,0x54,0xEA,0x54,0xEA,0x54,
    0x91,0x45,0x39,0xA7,0x6F,0x84,0xD9,0xEE,0x56,0xDE,0x76,0xF6,0x55,0xFE,0x15,0xFE,
    0x14,0xFE,0x54,0xFE,0x94,0xF6,0x94,0xFE,0x34,0xFE,0xF4,0xFD,0x76,0xFE,0xF7,0xFE,
    0x54,0xFE,0x33,0xFE,0x54,0xFE,0x54,0xFE,0x95,0xFE,0x95,0xFE,0x75,0xFE,0x35,0xFE,
    0x76,0xFE,0xF4,0xFD,0x35,0xFE,0x96,0xFE,0x54,0xFE,0x53,0xF6,0xB4,0xF6,0xB4,0xF6,
    0x14,0xFE,0x74,0xFE,0x13,0xFE,0xED,0xEB,0x65,0xD1,0xA4,0xE0,0xE6,0xF0,0x05,0xE1,
    0x24,0xB9,0xC7,0xAA,0x4F,0xBD,0x53,0xD6,0xF7,0xFE,0xF4,0xFD,0x75,0xFE,0xF1,0xBD,
    0xC9,0x7B,0x2A,0x84,0xB4,0xCE,0x05,0x4B,0xE8,0x53,0xAA,0x5C,0x0B,0x5D,0xA9,0x44,
    0x0A,0x45,0x0A,0x45,0x2A,0x45,0x09,0x45,0x09,0x4D,0x09,0x4D,0x08,0x55,0xE8,0x54,
    0x08,0x4D,0x08,0x4D,0x09,0x55,0xEA,0x54,0xEA,0x54,0xEA,0x54,0xEA,0x54,0xE9,0x54,
    0xC8,0x4C,0x2A,0x55,0x0A,0x55,0x8A,0x3C,0xEE,0x4C,0x37,0x76,0x3D,0x9F,0x5F,0x9F,
    0x3F,0x8F,0x9F,0x97,0x9F,0x97,0x7F,0x8F,0x7F,0x8F,0x7F,0x97,0x7F,0x8F,0x9F,0x97,
    0x7F,0x9F,0x7F,0x9F,0x7F,0x9F,0x7F,0x9F,0x7F,0x9F,0x7F,0x9F,0x7F,0x9F,0x7F,0x9F,
    0x5F,0x97,0xDF,0xA7,0x5F,0x97,0x7F,0x9F,0xBF,0x9F,0x5E,0x97,0xDF,0xA7,0xDC,0x86,
    0x0E,0x5D,0xCC,0x4C,0xAB,0x4C,0xCB,0x4C,0xEA,0x54,0xE9,0x4C,0x09,0x55,0x29,0x55,
    0x08,0x55,0x08,0x55,0x08,0x55,0x09,0x55,0xE9,0x54,0xE9,0x54,0xEA,0x54,0xEA,0x54,
    0x8C,0x3C,0x31,0x7D,0x90,0xA4,0x98,0xFE,0x56,0xFE,0x55,0xF6,0x34,0xFE,0x55,0xFE,
    0x13,0xFE,0x94,0xFE,0xB5,0xFE,0x54,0xFE,0x14,0xFE,0x35,0xFE,0x76,0xFE,0x54,0xF6,
    0xD5,0xFE,0xD5,0xFE,0xB5,0xFE,0x94,0xF6,0x95,0xFE,0x95,0xFE,0x75,0xFE,0x54,0xFE,
    0x95,0xFE,0x55,0xFE,0x33,0xF6,0x54,0xFE,0x94,0xFE,0x53,0xF6,0x53,0xF6,0xB5,0xFE,
    0x55,0xFE,0x31,0xFD,0x88,0xD2,0xA2,0xC8,0xC4,0xE8,0xE5,0xF8,0xA4,0xE8,0xA3,0xE0,
    0x24,0xD1,0xE9,0xCA,0xF2,0xF5,0x33,0xF6,0x75,0xFE,0x14,0xFE,0x11,0xD6,0x28,0x6C,
    0x08,0x64,0x66,0x53,0xEB,0x7C,0xE7,0x53,0x89,0x64,0xA9,0x5C,0xC9,0x54,0x4B,0x5D,
    0xEA,0x4C,0x0A,0x4D,0x0A,0x4D,0x09,0x4D,0x09,0x4D,0xE9,0x54,0xE9,0x54,0xE9,0x54,
    0x08,0x4D,0x08,0x4D,0xE9,0x54,0xEA,0x54,0xEA,0x54,0xEA,0x54,0xE9,0x54,0xE9,0x54,
    0x08,0x55,0xE8,0x4C,0xE8,0x4C,0xEB,0x4C,0xCC,0x4C,0x10,0x55,0x58,0x7E,0xDF,0xAF,
    0x5F,0x8F,0x9F,0x97,0x9F,0x97,0x7F,0x97,0x9F,0x97,0x7F,0x97,0x7F,0x97,0x9F,0x97,
    0x9F,0x9F,0x9F,0x9F,0x9F,0x9F,0x9F,0x9F,0x9F,0x9F,0x7F,0x9F,0x7F,0x9F,0x7F,0x9F,
    0x7F,0x9F,0x9F,0x9F,0x5F,0x9F,0x5F,0x9F,0x9F,0xA7,0x5D,0x97,0xFE,0xA7,0xD1,0x44,
    0xAB,0x4C,0xAB,0x4C,0xEB,0x54,0x0B,0x55,0x0A,0x55,0xE9,0x4C,0xE9,0x4C,0x09,0x55,
    0x08,0x55,0x08,0x55,0x08,0x55,0x09,0x55,0x09,0x55,0xE9,0x54,0xEA,0x54,0xEA,0x54,
    0xED,0x4C,0xCA,0x63,0x52,0xCD,0x94,0xFD,0x98,0xFE,0x55,0xFE,0x75,0xFE,0x74,0xFE,
    0x74,0xFE,0x94,0xFE,0x74,0xFE,0x54,0xFE,0x34,0xFE,0x35,0xFE,0x34,0xFE,0x13,0xF6,
    0x74,0xEE,0x94,0xEE,0x94,0xF6,0x75,0xF6,0x54,0xF6,0x55,0xF6,0x95,0xFE,0xB6,0xFE,
    0x54,0xEE,0xF6,0xFE,0xD6,0xFE,0x94,0xF6,0x95,0xFE,0x94,0xFE,0x33,0xFE,0x33,0xFE,
    0x4E,0xEC,0xE6,0xC9,0xA4,0xD8,0xA5,0xF8,0x63,0xF0,0x83,0xF0,0xC4,0xF8,0x63,0xF8,
    0x05,0xF1,0xC1,0xB0,0xAE,0xEC,0x94,0xFE,0xD1,0xE5,0x53,0xE6,0x29,0x7C,0x88,0x5C,
    0x47,0x4C,0xEA,0x64,0x06,0x44,0x4B,0x6D,0xEA,0x5C,0xC9,0x54,0x0A,0x5D,0xC9,0x54,
    0xE9,0x54,0xE9,0x54,0xE9,0x54,0xE9,0x54,0xEA,0x54,0xEA,0x54,0xEA,0x54,0xEA,0x54,
    0x08,0x4D,0x08,0x4D,0xE9,0x54,0xEA,0x54,0xEA,0x54,0xEA,0x54,0xE9,0x54,0xE9,0x54,
    0x29,0x55,0xC7,0x4C,0xE8,0x4C,0x6B,0x5D,0x0B,0x55,0x8C,0x44,0x51,0x5D,0xF8,0x8E,
    0xBF,0x9F,0x7F,0x97,0x5E,0x97,0x7F,0x97,0xDF,0x9F,0x9F,0x97,0x5F,0x97,0x9F,0x97,
    0x9F,0x9F,0x9F,0x9F,0x9F,0x9F,0x9F,0x9F,0x9F,0x9F,0x9F,0x9F,0x7F,0x9F,0x7F,0xA7,
    0x9F,0xA7,0x1F,0x97,0x9F,0xA7,0x9F,0xA7,0x3C,0x97,0xFE,0xB7,0x92,0x5D,0x8D,0x3C,
    0xEB,0x54,0xEA,0x54,0xEA,0x54,0x0B,0x55,0x0A,0x55,0xE9,0x4C,0xE9,0x4C,0x09,0x55,
    0x09,0x55,0x09,0x55,0x09,0x55,0x09,0x55,0x09,0x55,0xE9,0x54,0xE9,0x54,0xE9,0x54,
    0x2B,0x4D,0x4B,0x6C,0x10,0xCD,0x16,0xFE,0x36,0xFE,0x55,0xFE,0xD6,0xFE,0x74,0xF6,
    0xB5,0xFE,0x53,0xF6,0x53,0xFE,0x95,0xFE,0x54,0xFE,0xD3,0xFD,0x34,0xFE,0x17,0xFF,
    0x95,0xFE,0x54,0xFE,0x55,0xFE,0x96,0xFE,0x96,0xFE,0x75,0xFE,0x75,0xF6,0x95,0xEE,
    0xF6,0xF6,0x32,0xDE,0x94,0xEE,0xD5,0xFE,0x54,0xFE,0x14,0xFE,0x31,0xFD,0xE8,0xD2,
    0x03,0xB9,0x25,0xE1,0x84,0xF8,0x64,0xF8,0x05,0xF9,0xA3,0xE8,0x41,0xF0,0xA4,0xF8,
    0x42,0xF8,0x03,0xE1,0x42,0xA1,0x53,0xFE,0xAE,0xAD,0x68,0x5C,0xEA,0x5C,0x47,0x44,
    0xE8,0x44,0x29,0x4D,0x29,0x55,0x87,0x3C,0xE8,0x4C,0xE8,0x54,0x4A,0x65,0xA7,0x54,
    0xE8,0x5C,0xE9,0x5C,0xE9,0x54,0xC9,0x54,0xEA,0x54,0xEA,0x54,0xEA,0x54,0xEA,0x54,
    0x08,0x4D,0x09,0x55,0xE9,0x54,0xEA,0x54,0xEA,0x54,0xEA,0x54,0xE9,0x54,0xE9,0x54,
    0x08,0x55,0x28,0x55,0x48,0x55,0x08,0x4D,0xC9,0x44,0xCA,0x4C,0xED,0x4C,0xEE,0x54,
    0x3D,0x97,0x7F,0x9F,0x7F,0x9F,0x7E,0x97,0x9F,0x9F,0x9F,0x9F,0x7F,0x97,0x7F,0x97,
    0x9F,0x9F,0x9F,0x9F,0x9F,0xA7,0x9F,0xA7,0x9F,0xA7,0x9F,0xA7,0x7F,0xA7,0x7F,0xA7,
    0x5F,0xA7,0x7F,0xA7,0x9F,0xAF,0x7F,0xA7,0xDE,0xAF,0xB6,0x86,0x4B,0x34,0x2D,0x55,
    0xEA,0x54,0xE9,0x4C,0xE9,0x4C,0xE9,0x4C,0xEA,0x54,0x09,0x55,0x09,0x55,0x09,0x55,
    0xE9,0x54,0xE9,0x54,0xE9,0x54,0x09,0x55,0x09,0x55,0x09,0x55,0x09,0x55,0x09,0x55,
    0x2A,0x45,0x28,0x5C,0x50,0xCD,0x55,0xFE,0xF4,0xFD,0x95,0xFE,0x74,0xEE,0xB5,0xF6,
    0x54,0xF6,0x74,0xFE,0x74,0xFE,0x74,0xFE,0x75,0xFE,0x95,0xFE,0x54,0xFE,0xF2,0xF5,
    0x52,0xFD,0xF1,0xF4,0xF1,0xEC,0x73,0xFD,0x35,0xFE,0x96,0xFE,0x75,0xFE,0x34,0xEE,
    0x74,0xE6,0x37,0xFF,0x74,0xF6,0xD3,0xFD,0xF4,0xFD,0xCC,0xFB,0x43,0xC1,0x23,0xD1,
    0xE5,0xE8,0x23,0xE8,0x43,0xF8,0xA4,0xF8,0xA2,0xE8,0xE3,0xF0,0xE4,0xF8,0x21,0xF8,
    0x63,0xF8,0xC3,0xF8,0x64,0xD9,0xC6,0xA2,0xC6,0x53,0xE8,0x34,0x09,0x35,0x68,0x3C,
    0x6B,0x4D,0x09,0x3D,0x6A,0x4D,0xE8,0x44,0x6A,0x55,0xC7,0x4C,0x29,0x5D,0x09,0x5D,
    0xE8,0x5C,0xE8,0x5C,0xE8,0x5C,0xE9,0x54,0xE9,0x54,0xEA,0x54,0xEA,0x54,0xEA,0x54,
    0x08,0x55,0x09,0x55,0xE9,0x54,0xEA,0x54,0xEA,0x54,0xEA,0x54,0xEA,0x54,0xE9,0x54,
    0x08,0x55,0x07,0x55,0x07,0x55,0xE7,0x4C,0xE8,0x4C,0xEA,0x54,0xCA,0x4C,0xAA,0x4C,
    0xD7,0x6D,0x5D,0x9F,0xFF,0xAF,0x5E,0x9F,0x1D,0x97,0x9F,0x9F,0xBF,0xA7,0x5F,0x9F,
    0x9F,0xA7,0x9F,0xA7,0x9F,0xA7,0x9E,0xA7,0x9E,0xA7,0x9F,0xA7,0x7F,0xA7,0x7F,0xA7,
    0x3F,0xA7,0xBF,0xB7,0x7F,0xAF,0x5E,0xA7,0x5A,0xA7,0xAD,0x4C,0xCA,0x4C,0x2A,0x55,
    0xE9,0x4C,0xE8,0x4C,0xE9,0x4C,0xE9,0x4C,0xE9,0x4C,0x09,0x55,0x0A,0x55,0x0A,0x55,
    0xEA,0x54,0xE9,0x54,0xE9,0x54,0xE9,0x54,0x09,0x55,0x09,0x55,0x09,0x55,0x08,0x55,
    0x49,0x45,0xC5,0x43,0x0D,0xB5,0x34,0xFE,0x34,0xFE,0x95,0xFE,0x34,0xEE,0xB6,0xFE,
    0x34,0xFE,0x76,0xFE,0x75,0xFE,0x54,0xFE,0x95,0xFE,0x95,0xFE,0x30,0xED,0x8A,0xBB,
    0xAA,0xDA,0xAA,0xDA,0xCA,0xD2,0x4C,0xDB,0x90,0xEC,0xF4,0xFD,0x96,0xFE,0x75,0xFE,
    0x95,0xFE,0x13,0xF6,0x75,0xFE,0x72,0xFD,0x47,0xDA,0xA2,0xC8,0x04,0xF1,0xA4,0xF8,
    0x84,0xF8,0xA5,0xF8,0x64,0xF8,0x83,0xF8,0xC3,0xF0,0x81,0xF0,0x41,0xF0,0xE3,0xF8,
    0x42,0xF8,0x22,0xF8,0xA4,0xF8,0x64,0xB1,0x4A,0x74,0x4A,0x2D,0x0A,0x2D,0xCB,0x4C,
    0xC9,0x3C,0x6B,0x4D,0x0A,0x45,0x2A,0x4D,0xE8,0x4C,0x09,0x55,0x08,0x55,0x86,0x4C,
    0xE8,0x54,0xE8,0x54,0xE8,0x54,0xE9,0x54,0xE9,0x54,0x09,0x4D,0x0A,0x4D,0x0A,0x4D,
    0x08,0x55,0x08,0x55,0xE9,0x54,0xEA,0x54,0xEA,0x54,0xEA,0x54,0xEA,0x54,0x09,0x55,
    0x29,0x55,0xC7,0x4C,0xC7,0x4C,0x28,0x55,0x29,0x55,0xE9,0x54,0xEA,0x54,0x0B,0x5D,
    0xB1,0x44,0xB9,0x86,0xDE,0xAF,0x9E,0xA7,0x3E,0x9F,0x7F,0xA7,0x9F,0xA7,0x9F,0x9F,
    0x9F,0xA7,0x9F,0xA7,0x9F,0xA7,0x9E,0xA7,0x9E,0xAF,0x9F,0xAF,0x7F,0xAF,0x7F,0xAF,
    0x9F,0xB7,0x3F,0xA7,0x7F,0xAF,0x7D,0xAF,0x31,0x5D,0xCB,0x4C,0x09,0x55,0xC7,0x4C,
    0x08,0x55,0x08,0x55,0x09,0x55,0x09,0x55,0x09,0x55,0xE9,0x54,0xEA,0x54,0xEA,0x4C,
    0xEA,0x54,0xEA,0x54,0xEA,0x54,0xE9,0x54,0x09,0x55,0x09,0x55,0x08,0x55,0x08,0x55,
    0x28,0x45,0x87,0x54,0x45,0x6B,0xB5,0xFE,0x55,0xFE,0x34,0xF6,0x96,0xFE,0x35,0xFE,
    0x77,0xFE,0xF4,0xFD,0xF4,0xFD,0x96,0xFE,0x55,0xFE,0x10,0xE5,0x8B,0xCB,0xC9,0xCA,
    0x6B,0xFA,0xED,0xFA,0xCB,0xF2,0x69,0xD2,0x2B,0xDB,0xF1,0xFC,0x35,0xFE,0x35,0xFE,
    0x34,0xFE,0xF0,0xFC,0xA8,0xCA,0xE2,0xB8,0xE3,0xD8,0xE4,0xF8,0x63,0xF8,0x43,0xF8,
    0x64,0xF8,0x84,0xF8,0xA3,0xF8,0xA3,0xF0,0xA2,0xF8,0xC3,0xF8,0xC3,0xF8,0x81,0xF8,
    0xA3,0xF8,0x64,0xF8,0x03,0xF8,0x64,0xD0,0xAB,0x93,0x8A,0x3C,0xE9,0x23,0xEB,0x53,
    0x0C,0x55,0x8A,0x44,0xEB,0x4C,0xEA,0x54,0xEA,0x54,0x09,0x55,0xA7,0x44,0x49,0x55,
    0x08,0x55,0x08,0x4D,0x08,0x4D,0x08,0x4D,0x09,0x4D,0x09,0x4D,0x09,0x4D,0x09,0x4D,
    0x08,0x55,0x08,0x55,0x09,0x55,0xE9,0x54,0xEA,0x54,0xEA,0x4C,0xEA,0x4C,0x09,0x4D,
    0xC8,0x4C,0x29,0x55,0x29,0x5D,0xE8,0x4C,0xA8,0x4C,0xE9,0x54,0xEA,0x54,0xA9,0x4C,
    0x6E,0x3C,0xD4,0x6D,0x1A,0x97,0xDE,0xAF,0xDF,0xAF,0x5F,0xA7,0x5F,0x9F,0x9F,0xA7,
    0x7E,0xA7,0xBF,0xAF,0x9F,0xAF,0x9E,0xAF,0xBF,0xAF,0xBF,0xB7,0x7F,0xAF,0x5F,0xAF,
    0x9F,0xB7,0x3F,0xA7,0xBF,0xB7,0x98,0x8E,0x2B,0x3C,0xEA,0x54,0x29,0x55,0x06,0x4D,
    0x08,0x55,0x08,0x55,0x08,0x55,0x08,0x55,0x09,0x55,0xE9,0x54,0xEA,0x54,0xEA,0x54,
    0xEA,0x54,0xEA,0x4C,0xEA,0x54,0x09,0x55,0xE9,0x54,0xE8,0x4C,0x08,0x55,0x09,0x55,
    0x87,0x44,0x67,0x54,0x86,0x63,0xF1,0xCD,0xF6,0xFE,0x34,0xF6,0x76,0xFE,0x76,0xFE,
    0x36,0xFE,0xF5,0xFD,0x35,0xFE,0x76,0xFE,0x76,0xFE,0xAB,0xC3,0x0B,0xE3,0x8A,0xF2,
    0x4C,0xFA,0xAD,0xFA,0x8C,0xFA,0x8A,0xEA,0x0B,0xE3,0xEE,0xF3,0xB4,0xFD,0x6F,0xFC,
    0x06,0xC2,0x84,0xC1,0x23,0xC9,0xE3,0xE0,0xA4,0xF0,0x63,0xF8,0x43,0xF8,0x43,0xF8,
    0x23,0xF8,0x83,0xF8,0xA2,0xF0,0x03,0xF1,0xA2,0xF8,0x83,0xF8,0x01,0xF8,0x83,0xF8,
    0x83,0xF8,0x64,0xF8,0x25,0xF8,0xE7,0xF0,0xE7,0x81,0xD7,0xBE,0xFC,0xE7,0xDF,0xFF,
    0x13,0x96,0xAD,0x64,0x6B,0x5C,0x8B,0x5C,0x0C,0x65,0x0A,0x55,0xE9,0x4C,0x08,0x4D,
    0x08,0x45,0x28,0x4D,0x49,0x4D,0x49,0x4D,0x08,0x4D,0xE8,0x44,0x09,0x4D,0x29,0x55,
    0xE8,0x54,0x29,0x55,0x09,0x55,0xC9,0x4C,0xC9,0x4C,0x0A,0x4D,0x2A,0x55,0x0A,0x4D,
    0x09,0x4D,0x09,0x4D,0x09,0x55,0xE9,0x54,0xE9,0x54,0xEA,0x54,0xEA,0x54,0xEA,0x54,
    0xCE,0x4C,0x6D,0x44,0xBB,0xAF,0x7C,0xA7,0x7E,0xAF,0x9F,0xAF,0x9F,0xAF,0x9F,0xAF,
    0xBF,0xB7,0xBF,0xB7,0x9F,0xAF,0x7E,0xAF,0x9F,0xB7,0xBF,0xB7,0x9F,0xAF,0x9F,0xB7,
    0x5F,0xAF,0xDF,0xBF,0xFA,0x9E,0xAF,0x54,0x0D,0x5D,0xC9,0x4C,0x28,0x55,0xE6,0x4C,
    0x08,0x55,0x08,0x55,0x08,0x55,0x08,0x55,0x09,0x55,0xE9,0x54,0xE9,0x54,0xEA,0x54,
    0xEA,0x4C,0xEA,0x54,0xEA,0x54,0xE9,0x4C,0xE9,0x4C,0x09,0x55,0xE9,0x4C,0xE8,0x4C,
    0xC5,0x3B,0x8C,0x75,0x89,0x64,0x86,0x63,0xD5,0xE6,0xB6,0xF6,0x14,0xF6,0x36,0xFE,
    0x56,0xFE,0x56,0xFE,0x97,0xFE,0x96,0xFE,0x15,0xFE,0xC9,0xBA,0xAB,0xF2,0x8C,0xFA,
    0x2B,0xFA,0x2B,0xFA,0x6B,0xFA,0x0C,0xFB,0x2C,0xFB,0x68,0xDA,0xA9,0xE2,0x03,0xC1,
    0x65,0xD9,0x04,0xE1,0xA3,0xE8,0x83,0xF8,0x83,0xF8,0x63,0xF8,0x63,0xF8,0x63,0xF8,
    0x63,0xF8,0x83,0xF8,0xA1,0xE8,0x02,0xE1,0xC2,0xE8,0x83,0xF8,0x21,0xF8,0x63,0xF8,
    0x22,0xF8,0xE6,0xF8,0x85,0xE8,0xC5,0xB0,0x6D,0xAB,0xDD,0xFF,0xDF,0xFF,0xDD,0xFE,
    0xFD,0xF7,0xFC,0xEF,0x8D,0x74,0x6C,0x64,0xCC,0x64,0xAA,0x54,0x88,0x44,0x6B,0x55,
    0x6A,0x55,0x29,0x45,0xE8,0x3C,0x08,0x45,0x49,0x4D,0x4A,0x55,0x09,0x4D,0xA7,0x44,
    0x49,0x5D,0xC8,0x4C,0xA8,0x4C,0x09,0x55,0x2A,0x55,0x09,0x4D,0xE9,0x4C,0x2A,0x4D,
    0x0A,0x4D,0x0A,0x4D,0x0A,0x55,0x0A,0x55,0xEA,0x54,0xCA,0x54,0xCA,0x54,0xCA,0x54,
    0xCC,0x4C,0x6B,0x44,0x95,0x86,0x9C,0xAF,0x7D,0xAF,0x5E,0xA7,0x9F,0xAF,0x7F,0xA7,
    0xBF,0xB7,0xBF,0xB7,0x9F,0xB7,0x9F,0xB7,0x9F,0xB7,0x7F,0xB7,0x9F,0xB7,0xBF,0xB7,
    0xBE,0xB7,0xFE,0xBF,0x52,0x65,0x4B,0x44,0x0C,0x55,0x09,0x55,0xE7,0x4C,0x07,0x55,
    0x08,0x55,0x08,0x55,0x08,0x55,0x08,0x55,0x09,0x55,0xE9,0x54,0xE9,0x54,0xEA,0x54,
    0xE9,0x4C,0x0A,0x55,0xEA,0x54,0xE9,0x4C,0xE9,0x4C,0x09,0x55,0xE9,0x4C,0xA8,0x44,
    0x68,0x54,0xE9,0x54,0xE9,0x54,0x89,0x5C,0x09,0x6C,0xB5,0xE6,0xF8,0xFE,0x55,0xF6,
    0x35,0xEE,0x55,0xEE,0x75,0xEE,0x96,0xF6,0x35,0xFE,0x68,0xBA,0x8B,0xFA,0xEA,0xF9,
    0xED,0xFA,0x8B,0xFA,0x6A,0xF2,0xEC,0xFA,0x69,0xEA,0x24,0xC9,0x45,0xD9,0xA3,0xD8,
    0xE4,0xF0,0x84,0xF8,0x63,0xF8,0x63,0xF8,0x83,0xF8,0xA3,0xF8,0xA3,0xF0,0xC3,0xF0,
    0x83,0xF8,0x62,0xF8,0x61,0xF0,0x02,0xE9,0xE2,0xE8,0xA3,0xF8,0x62,0xF8,0x63,0xF8,
    0x25,0xF1,0x23,0xB1,0xC5,0x91,0xAC,0xA3,0x7B,0xFF,0xFE,0xFF,0x9D,0xFF,0x7F,0xFF,
    0xFD,0xF7,0xFD,0xFF,0x39,0xD7,0x6D,0x74,0xAD,0x6C,0x4A,0x4C,0xAE,0x75,0x68,0x3C,
    0xC9,0x44,0x0A,0x4D,0x2A,0x4D,0x2A,0x4D,0xE9,0x4C,0xE9,0x4C,0x09,0x55,0x2A,0x5D,
    0xC8,0x4C,0x0A,0x5D,0x4A,0x5D,0x29,0x55,0xE8,0x4C,0xE9,0x4C,0x09,0x4D,0x29,0x4D,
    0xE9,0x44,0xE9,0x44,0xEA,0x4C,0xEA,0x4C,0xEA,0x54,0xEB,0x54,0xEB,0x54,0xEB,0x54,
    0x0B,0x55,0xAB,0x4C,0x4F,0x5D,0x9B,0xAF,0xBD,0xB7,0x7E,0xAF,0xDF,0xB7,0x7F,0xAF,
    0x9E,0xB7,0x9E,0xB7,0xBF,0xBF,0xBF,0xBF,0x7F,0xB7,0x7F,0xB7,0x9F,0xB7,0xBE,0xB7,
    0xFE,0xBF,0x96,0x8E,0x8C,0x4C,0x0C,0x5D,0xC9,0x4C,0x09,0x55,0xE8,0x54,0x08,0x55,
    0x08,0x55,0x08,0x55,0x09,0x55,0x09,0x55,0x09,0x55,0x09,0x55,0xE9,0x54,0xE9,0x54,
    0xE9,0x4C,0x09,0x55,0xE9,0x54,0xC9,0x4C,0xE9,0x4C,0x0A,0x55,0xE9,0x4C,0x87,0x44,
    0x0A,0x5D,0xC8,0x3C,0x6A,0x45,0xC9,0x4C,0x29,0x6C,0x4B,0x9C,0x92,0xE5,0xB6,0xFE,
    0xB6,0xFE,0xD6,0xF6,0x95,0xEE,0x54,0xEE,0x14,0xFE,0x47,0xBA,0xCC,0xFA,0x4C,0xFA,
    0xAB,0xF2,0xAB,0xF2,0xCB,0xF2,0xEB,0xFA,0xE7,0xE9,0xA3,0xD0,0xE4,0xE8,0xC4,0xF8,
    0x83,0xF8,0x43,0xF8,0x43,0xF8,0x63,0xF8,0xA3,0xF8,0xC3,0xF0,0xE3,0xE8,0xE3,0xE0,
    0x62,0xF8,0x42,0xF8,0x42,0xF8,0xC3,0xF8,0xE2,0xF0,0xA2,0xF0,0xA2,0xF0,0xC2,0xD8,
    0x83,0xA1,0x84,0x6A,0xE8,0x5B,0x6E,0x85,0xFB,0xEF,0xFD,0xF7,0xFC,0xE7,0xFD,0xEF,
    0xFD,0xFF,0xFC,0xF7,0xFD,0xF7,0x79,0xD7,0xCA,0x53,0xEA,0x4B,0x6B,0x54,0xAC,0x54,
    0x8A,0x4C,0x8A,0x4C,0x69,0x44,0x89,0x44,0xA9,0x4C,0xA9,0x54,0x68,0x4C,0x27,0x44,
    0x68,0x44,0x27,0x3C,0x67,0x44,0x09,0x55,0x4A,0x55,0x29,0x4D,0x08,0x45,0x29,0x45,
    0x49,0x4D,0x29,0x4D,0x2A,0x4D,0x0A,0x4D,0xEA,0x4C,0xCA,0x4C,0xCA,0x4C,0xAA,0x54,
    0x0A,0x55,0xEA,0x54,0xAB,0x4C,0xB6,0x8E,0xFE,0xBF,0xBF,0xB7,0xBF,0xB7,0x9F,0xB7,
    0x9E,0xBF,0x9E,0xB7,0xBF,0xBF,0xBF,0xBF,0x7F,0xB7,0x9F,0xB7,0xDF,0xBF,0xDD,0xBF,
    0x59,0xA7,0xEC,0x54,0x0B,0x55,0xE9,0x54,0x09,0x55,0xC8,0x4C,0x29,0x55,0xE9,0x4C,
    0xE9,0x54,0xE9,0x54,0xE9,0x54,0x09,0x55,0x09,0x55,0x09,0x55,0x09,0x55,0x09,0x55,
    0xE9,0x4C,0x09,0x55,0xE9,0x54,0xE9,0x4C,0xE9,0x4C,0x0A,0x55,0xC9,0x4C,0x68,0x44,
    0xEA,0x54,0x4A,0x45,0x49,0x35,0xE9,0x4C,0x29,0x7C,0xE3,0x81,0xA7,0xB2,0xF0,0xEC,
    0x13,0xFE,0x74,0xFE,0x75,0xFE,0x75,0xFE,0x15,0xFE,0xA9,0xD2,0xAB,0xFA,0xE9,0xF9,
    0xAA,0xEA,0x0C,0xFB,0x0C,0xFB,0xAA,0xFA,0x66,0xE9,0xA3,0xE0,0xA3,0xF0,0x63,0xF8,
    0x63,0xF8,0x63,0xF8,0x63,0xF8,0x83,0xF8,0xA3,0xF8,0xC3,0xF0,0xE3,0xE8,0xE3,0xE0,
    0xA2,0xF0,0x62,0xF8,0x62,0xF8,0x83,0xF8,0x62,0xF8,0xA1,0xD0,0xC4,0xC1,0x43,0x9A,
    0xE7,0x83,0x2A,0x65,0xAB,0x4D,0x6A,0x4D,0xAE,0x7D,0xAF,0x85,0xEF,0x6D,0xCD,0x45,
    0x91,0x9D,0x78,0xD7,0xFC,0xF7,0xFC,0xEF,0xF3,0xA5,0xD2,0x95,0x0F,0x7D,0x30,0x7D,
    0x0F,0x75,0x70,0x7D,0x70,0x7D,0x2E,0x75,0xCD,0x64,0xED,0x6C,0x6F,0x7D,0xF0,0x8D,
    0xEF,0x7D,0x0F,0x7E,0xCD,0x6D,0xE9,0x54,0xA7,0x44,0xE7,0x44,0x28,0x45,0x07,0x3D,
    0x08,0x45,0x08,0x45,0x08,0x45,0xE9,0x44,0xE9,0x4C,0x0A,0x4D,0x0A,0x55,0x2A,0x5D,
    0xE8,0x4C,0x09,0x55,0xAA,0x4C,0x30,0x65,0x7C,0xAF,0xFF,0xBF,0x5F,0xAF,0xBF,0xB7,
    0xDE,0xC7,0x9E,0xBF,0xBF,0xC7,0x9F,0xBF,0x5F,0xB7,0xBF,0xBF,0xFF,0xC7,0x7B,0xAF,
    0x70,0x6D,0xAA,0x4C,0x09,0x55,0xC7,0x44,0x08,0x4D,0x4A,0x55,0xC9,0x4C,0xEA,0x4C,
    0xEA,0x54,0xEA,0x54,0xE9,0x54,0xE9,0x54,0xE9,0x54,0x09,0x55,0x09,0x55,0x09,0x55,
    0x09,0x55,0x09,0x55,0xE9,0x4C,0xE9,0x54,0x0A,0x55,0xEA,0x4C,0xA9,0x4C,0x88,0x44,
    0xEA,0x54,0x2A,0x45,0x09,0x3D,0x2B,0x75,0x23,0x72,0x43,0xB1,0x65,0xD1,0x85,0xC9,
    0x29,0xDB,0xAF,0xFC,0xD4,0xFD,0x73,0xFD,0x2F,0xFC,0x85,0xC9,0x08,0xEA,0xAB,0xFA,
    0xAA,0xF2,0xAA,0xFA,0x08,0xF2,0x45,0xE9,0xA3,0xE0,0xE4,0xF8,0xC4,0xF8,0x83,0xF8,
    0x62,0xF8,0x63,0xF8,0x83,0xF8,0x83,0xF8,0x83,0xF8,0xA3,0xF8,0xC3,0xF8,0xA3,0xF0,
    0xE3,0xE8,0xA3,0xF8,0x63,0xF8,0x83,0xF8,0x62,0xF8,0x42,0xB9,0xC8,0xB3,0xC9,0x84,
    0x2D,0x76,0x4B,0x4E,0x6B,0x46,0xCE,0x6E,0x0D,0x7E,0xAC,0x75,0x6D,0x5E,0x2D,0x3F,
    0xAF,0x8D,0x0D,0x75,0x2E,0x7D,0xFA,0xDF,0x54,0xAE,0x14,0xA6,0x19,0xCF,0x19,0xCF,
    0xDD,0xE7,0xFD,0xE7,0xFD,0xE7,0xFD,0xEF,0xFD,0xEF,0xBA,0xD7,0x55,0xAE,0x2F,0x85,
    0x0D,0x65,0xAF,0x75,0x30,0x7E,0x4F,0x7E,0x6E,0x76,0x8D,0x76,0x4B,0x66,0xA9,0x55,
    0x68,0x45,0x48,0x45,0x28,0x45,0x08,0x45,0x08,0x45,0x08,0x4D,0x08,0x4D,0x09,0x55,
    0x07,0x4D,0x08,0x55,0xEB,0x54,0x6C,0x44,0x97,0x8E,0xFF,0xBF,0x5E,0xAF,0xDF,0xBF,
    0xDF,0xC7,0x9E,0xBF,0xBF,0xC7,0x9F,0xBF,0x7F,0xBF,0xDF,0xC7,0x5D,0xAF,0xF4,0x7D,
    0x8B,0x4C,0x2A,0x5D,0xC6,0x44,0x07,0x4D,0xE7,0x4C,0x6A,0x5D,0xA9,0x44,0x0C,0x55,
    0xEA,0x54,0xEA,0x54,0xEA,0x54,0xEA,0x54,0xE9,0x54,0x09,0x55,0x09,0x55,0x08,0x55,
    0x09,0x55,0xE8,0x4C,0xE9,0x4C,0x0A,0x55,0x0A,0x55,0xC9,0x4C,0xA9,0x44,0xAA,0x4C,
    0x89,0x54,0xEA,0x4C,0x4B,0x5D,0x04,0x5B,0xE4,0xA9,0xA3,0xE8,0x64,0xF8,0x42,0xE8,
    0x85,0xE9,0x02,0xC9,0x80,0xC0,0x61,0xC8,0x04,0xD9,0xE3,0xD0,0xC3,0xC8,0xC3,0xD0,
    0x25,0xD1,0x25,0xD9,0xC3,0xD8,0xA3,0xE8,0x83,0xF0,0xC4,0xF8,0x42,0xF8,0x62,0xF8,
    0x82,0xF8,0xA3,0xF8,0xA3,0xF8,0x82,0xF8,0x82,0xF8,0x83,0xF8,0x63,0xF8,0x43,0xF8,
    0xC3,0xF0,0xA3,0xF0,0x83,0xF8,0xA4,0xF8,0xE3,0xE8,0x03,0xAA,0x6C,0xA5,0x6D,0x7E,
    0x6B,0x5E,0xAC,0x56,0x8B,0x4E,0x8C,0x66,0x2B,0x7E,0xCA,0x7D,0x8B,0x66,0xCA,0x36,
    0x6C,0x6D,0x50,0x8E,0x8E,0x7D,0xB0,0x8D,0xFA,0xDF,0x76,0xB6,0x97,0xC6,0x78,0xCE,
    0x9D,0xF7,0xFF,0xFF,0xFF,0xFF,0xFF,0xFF,0xFE,0xF7,0xFE,0xF7,0xFE,0xF7,0xFE,0xF7,
    0xFB,0xCF,0x52,0x86,0x0C,0x5D,0xCD,0x6D,0x6E,0x7E,0x2B,0x66,0x0A,0x66,0xCD,0x76,
    0x8B,0x66,0x6B,0x66,0x2A,0x5E,0xCA,0x5D,0x69,0x55,0x07,0x4D,0xC6,0x44,0xA6,0x44,
    0x26,0x55,0x07,0x55,0xEA,0x54,0x8C,0x4C,0x52,0x65,0x9D,0xB7,0xBF,0xBF,0xBF,0xBF,
    0xDE,0xC7,0x9E,0xBF,0xBF,0xC7,0xBF,0xC7,0x9F,0xBF,0xBF,0xBF,0x99,0x96,0x6D,0x4C,
    0xEB,0x54,0x08,0x55,0x06,0x4D,0x47,0x55,0x89,0x5D,0xA7,0x44,0x2C,0x55,0xEC,0x4C,
    0xEA,0x54,0xEA,0x54,0xEA,0x54,0xEA,0x54,0xE9,0x54,0x09,0x55,0x08,0x55,0x08,0x55,
    0x29,0x55,0xE8,0x4C,0xE9,0x4C,0x2A,0x55,0x0A,0x55,0xA9,0x44,0x89,0x44,0xCA,0x4C,
    0xCA,0x64,0xEA,0x54,0xC9,0x5C,0x83,0x62,0xA1,0xB0,0xA5,0xF8,0x02,0xF8,0xA4,0xF8,
    0x82,0xF8,0x82,0xE8,0xA2,0xF0,0x83,0xF0,0xA3,0xF8,0x25,0xF1,0xC3,0xD8,0x45,0xD9,
    0x04,0xE1,0xE4,0xE0,0x83,0xE0,0xE4,0xF8,0x83,0xF8,0x83,0xF8,0x21,0xF0,0x04,0xF9,
    0xA2,0xF8,0xC3,0xF8,0xC3,0xF8,0x82,0xF8,0x62,0xF8,0x63,0xF8,0x63,0xF8,0x43,0xF8,
    0xA4,0xF8,0xC3,0xF0,0xC3,0xE8,0xE4,0xF0,0x23,0xD1,0x23,0x92,0x8C,0x95,0x6C,0x66,
    0x4B,0x56,0x8B,0x5E,0x29,0x4E,0xE8,0x55,0x2A,0x7E,0x68,0x75,0x4A,0x76,0xCA,0x56,
    0x6F,0x7E,0x8C,0x65,0xAE,0x75,0xF9,0xCF,0x74,0xAE,0xFD,0xF7,0xFE,0xF7,0xFF,0xFF,
    0x39,0xCE,0xFC,0xEE,0xDF,0xFF,0xFF,0xFF,0xFF,0xFF,0xFF,0xFF,0xFF,0xF7,0xFE,0xF7,
    0xFC,0xD7,0xFC,0xDF,0xF9,0xC7,0x90,0x86,0xAB,0x5D,0x0B,0x66,0x6B,0x6E,0x6A,0x66,
    0x6A,0x66,0x6B,0x66,0x6B,0x66,0x6C,0x6E,0x4C,0x6E,0x2B,0x6E,0x0B,0x6E,0xEA,0x6D,
    0x26,0x55,0xC6,0x4C,0xA8,0x4C,0xCD,0x54,0x2D,0x44,0x1B,0xA7,0xFF,0xC7,0x7F,0xB7,
    0x9F,0xCF,0xBF,0xCF,0x9F,0xC7,0xDF,0xC7,0xDE,0xBF,0x9B,0xB7,0x8D,0x4C,0x0D,0x55,
    0xEB,0x4C,0xE9,0x4C,0xE8,0x4C,0x08,0x55,0x28,0x5D,0xE7,0x54,0x07,0x5D,0xC6,0x5C,
    0x6A,0x54,0x0C,0x6D,0x49,0x4C,0x89,0x54,0xEA,0x5C,0xE9,0x54,0x4A,0x5D,0xE8,0x4C,
    0x08,0x4D,0x08,0x4D,0x29,0x4D,0x29,0x55,0xE9,0x4C,0xC8,0x4C,0x88,0x44,0x88,0x44,
    0x08,0x35,0xC9,0x2D,0xE9,0x2D,0x4C,0x66,0x48,0x74,0x88,0x9B,0x04,0xA2,0x44,0xC1,
    0x05,0xE1,0x63,0xF0,0x43,0xF8,0x42,0xF8,0x41,0xF8,0x61,0xF8,0xA0,0xF8,0x00,0xE1,
    0x62,0xF8,0x62,0xF8,0x62,0xF8,0x62,0xF8,0x82,0xF8,0x82,0xF8,0x82,0xF8,0xA2,0xF8,
    0xA2,0xF8,0xC2,0xF0,0xC2,0xF0,0xC2,0xF0,0xC2,0xF0,0xC2,0xF0,0xC2,0xF0,0xC2,0xF0,
    0x63,0xF8,0x82,0xF8,0xC2,0xF8,0x21,0xF8,0x62,0xF8,0x83,0xA9,0x8C,0x7D,0xEE,0x46,
    0x8D,0x46,0xA9,0x4D,0xCB,0x6E,0x64,0x35,0xE6,0x55,0xE8,0x6D,0x29,0x5E,0x2D,0x4F,
    0xCF,0x6C,0xB7,0xAE,0x5A,0xC7,0x1A,0xC7,0xFF,0xF7,0xFF,0xFF,0xBF,0xFF,0xDF,0xFF,
    0xBF,0xFF,0x19,0xE6,0x3D,0xFF,0xDE,0xFF,0xBE,0xFF,0xFF,0xFF,0xFF,0xFF,0xFF,0xFF,
    0xFF,0xFF,0xFF,0xFF,0xBF,0xF7,0xFF,0xFF,0xBF,0xF7,0x78,0xBE,0xEF,0x7C,0xAF,0x7D,
    0xCC,0x6D,0xAC,0x6E,0x8A,0x5E,0xCA,0x5E,0xCA,0x56,0x0B,0x5F,0x6A,0x56,0x6A,0x56,
    0x8E,0x6E,0x0C,0x5E,0xAF,0x6E,0xCB,0x55,0xE9,0x3C,0xCD,0x5D,0xF8,0xAF,0xD9,0xAF,
    0xBF,0xD7,0x5F,0xC7,0xFF,0xD7,0x9D,0xBF,0xFD,0xC7,0xD3,0x7D,0xAC,0x4C,0xCB,0x4C,
    0xEA,0x4C,0x6B,0x5D,0x09,0x55,0xC9,0x54,0xC8,0x54,0x26,0x44,0xA4,0x33,0xA8,0x54,
    0xCC,0x64,0x09,0x4C,0x21,0x0A,0xE3,0x22,0xEA,0x54,0xC9,0x4C,0xC8,0x4C,0x08,0x4D,
    0x28,0x4D,0x08,0x4D,0xE7,0x44,0xC7,0x44,0xE8,0x4C,0x4A,0x55,0xCC,0x65,0x0D,0x76,
    0x0D,0x7E,0x8E,0x6E,0x0B,0x56,0x4A,0x65,0xCF,0xB5,0x94,0xFE,0x8E,0xE4,0x63,0xA1,
    0xE3,0xC0,0x83,0xD0,0x83,0xE0,0xA4,0xF8,0x63,0xF8,0x62,0xF8,0x81,0xF8,0xC0,0xE8,
    0x83,0xF8,0x83,0xF8,0x83,0xF8,0x83,0xF8,0x83,0xF8,0x83,0xF8,0x83,0xF8,0x83,0xF8,
    0x83,0xF8,0x83,0xF8,0x83,0xF8,0x83,0xF8,0x63,0xF8,0x64,0xF8,0x64,0xF8,0x64,0xF8,
    0x64,0xF8,0xC3,0xF0,0xC3,0xF8,0x41,0xF8,0x82,0xF8,0x82,0xA1,0xAD,0x7D,0xEE,0x46,
    0x0E,0x4F,0x4B,0x56,0x0C,0x6F,0x88,0x56,0x89,0x6E,0x2A,0x76,0x4C,0x6E,0x6C,0x46,
    0x16,0xA6,0xDD,0xDF,0xFF,0xEF,0xFF,0xF7,0xFF,0xEF,0xFF,0xFF,0xDF,0xFF,0x7E,0xFF,
    0xDF,0xFF,0x7B,0xE6,0x5E,0xFF,0xDF,0xFF,0xBF,0xFF,0xFF,0xFF,0xDF,0xF7,0xFF,0xFF,
    0xFF,0xFF,0x7D,0xEF,0xFF,0xFF,0xFF,0xFF,0xDF,0xFF,0xFF,0xFF,0xFD,0xEF,0xB0,0x85,
    0x4F,0x86,0xEB,0x65,0x6B,0x66,0x49,0x56,0x6A,0x56,0x8B,0x5E,0x6B,0x5E,0xEE,0x76,
    0x4C,0x66,0x2C,0x66,0x4C,0x66,0x6C,0x66,0x8D,0x6E,0x2C,0x5E,0x0D,0x66,0x0F,0x6E,
    0xBF,0xD7,0x7E,0xC7,0xFF,0xD7,0xBC,0xC7,0x17,0xA7,0x8B,0x4C,0xCB,0x54,0xEA,0x4C,
    0xC9,0x4C,0x0A,0x55,0x89,0x44,0xEB,0x5C,0xEC,0x5C,0xA8,0x33,0x03,0x0A,0x6C,0x54,
    0x2A,0x54,0x8B,0x64,0xC3,0x22,0xC3,0x1A,0xAA,0x54,0x0A,0x55,0xC8,0x4C,0xE8,0x44,
    0x08,0x4D,0x69,0x4D,0xCA,0x5D,0x2B,0x66,0x4C,0x6E,0x4C,0x6E,0x4C,0x6E,0x2C,0x6E,
    0xAC,0x85,0x4D,0x7E,0x4D,0x7E,0x2A,0x7D,0x72,0xDE,0x94,0xFE,0xB2,0xFD,0xAC,0xE3,
    0x44,0xB9,0xC3,0xC0,0xC4,0xD0,0x05,0xE9,0x84,0xF8,0x43,0xF8,0x82,0xF8,0xC2,0xF0,
    0xA4,0xF0,0xA4,0xF0,0xA4,0xF0,0xA4,0xF0,0xA4,0xF8,0x84,0xF8,0x84,0xF8,0x84,0xF8,
    0x84,0xF8,0x64,0xF8,0x64,0xF8,0x64,0xF8,0x44,0xF8,0x44,0xF8,0x44,0xF8,0x44,0xF8,
    0xC5,0xF0,0x04,0xE1,0xC3,0xE8,0x82,0xF8,0x82,0xF8,0x82,0xA1,0xCD,0x85,0xCD,0x46,
    0xCC,0x46,0x4A,0x56,0x8A,0x56,0xCA,0x5E,0x6A,0x6E,0xEB,0x75,0xEC,0x6D,0xCC,0x4D,
    0xFF,0xF7,0xFF,0xF7,0xFF,0xF7,0xBE,0xEF,0xFF,0xF7,0xFF,0xF7,0xFF,0xFF,0xFF,0xFF,
    0xFF,0xFF,0x1E,0xEF,0x9F,0xFF,0xBF,0xFF,0xDF,0xFF,0xFF,0xFF,0xDF,0xF7,0xFF,0xFF,
    0xDE,0xF7,0xFF,0xFF,0xFF,0xFF,0x1D,0xE7,0xFF,0xFF,0xFF,0xFF,0xFD,0xEF,0xFC,0xEF,
    0x10,0x8E,0x4B,0x5D,0x8E,0x7E,0x0C,0x66,0x0C,0x66,0x6D,0x6E,0xEC,0x65,0xAC,0x65,
    0x0A,0x66,0xCC,0x76,0x8B,0x6E,0x49,0x5E,0x6A,0x5E,0x6A,0x5E,0x2A,0x5E,0x6C,0x66,
    0xBF,0xD7,0xFF,0xDF,0xBC,0xCF,0xDB,0xC7,0x2E,0x6D,0xAA,0x54,0xC8,0x54,0x29,0x5D,
    0x09,0x55,0x09,0x55,0x88,0x44,0xAB,0x54,0x8D,0x54,0x0D,0x44,0x27,0x12,0x30,0x54,
    0x0E,0x75,0xE9,0x4B,0x21,0x0A,0xE4,0x22,0xEA,0x5C,0x0A,0x55,0x29,0x55,0x0C,0x66,
    0x2B,0x66,0x4B,0x66,0x6C,0x66,0x8C,0x66,0x8C,0x66,0x8C,0x66,0x6B,0x66,0x6B,0x66,
    0x4C,0x7E,0x0B,0x6E,0xCB,0x6D,0x4B,0x8D,0xD3,0xEE,0x74,0xFE,0x35,0xFE,0xD5,0xFD,
    0xC7,0xD9,0xE5,0xD8,0xC5,0xD8,0x05,0xE1,0xA4,0xF0,0x63,0xF8,0xA3,0xF8,0x04,0xE9,
    0x83,0xF8,0x83,0xF8,0x83,0xF8,0x83,0xF8,0x83,0xF8,0xA3,0xF8,0xA3,0xF8,0xA3,0xF8,
    0xA3,0xF8,0xA3,0xF8,0x83,0xF8,0x83,0xF8,0x83,0xF8,0x83,0xF8,0x83,0xF8,0x83,0xF8,
    0xC6,0xE8,0x05,0xE1,0xA3,0xE0,0x83,0xF8,0x62,0xF8,0x41,0xA9,0xAC,0x95,0xAC,0x4E,
    0xEC,0x4E,0x8B,0x56,0x69,0x56,0xCA,0x5E,0x6B,0x6E,0xEC,0x7D,0xAD,0x75,0x14,0x8F,
    0xDF,0xFF,0xFF,0xFF,0xFF,0xFF,0xFE,0xFF,0xC9,0x52,0x36,0xBE,0xFF,0xFF,0xBE,0xEF,
    0xFF,0xFF,0xDF,0xF7,0xFF,0xFF,0xDF,0xFF,0xFF,0xFF,0xFF,0xFF,0xDF,0xFF,0xFF,0xFF,
    0xFE,0xFF,0xFF,0xFF,0xBF,0xFF,0xFF,0xFF,0xFF,0xFF,0x9E,0xF7,0x78,0xCE,0xB7,0xC6,
    0xDA,0xD7,0xB0,0x85,0x8D,0x75,0xAD,0x75,0x4C,0x6D,0xCE,0x75,0xCF,0x7D,0x8F,0x7D,
    0xEA,0x6D,0xEA,0x65,0x8C,0x76,0x8A,0x6E,0x89,0x5E,0xA9,0x5E,0x0B,0x6F,0xAA,0x5E,
    0x9F,0xD7,0xFF,0xDF,0xDC,0xCF,0xD6,0xA6,0x49,0x4C,0x0A,0x5D,0xE8,0x54,0x07,0x55,
    0xC6,0x4C,0x29,0x55,0x4B,0x5D,0xCC,0x54,0x0B,0x44,0x70,0x54,0xCB,0x22,0x2E,0x33,
    0x84,0x22,0x67,0x3B,0xA7,0x3B,0x65,0x2B,0xC6,0x33,0x2A,0x55,0x6E,0x76,0x6D,0x6E,
    0x8C,0x6E,0x8C,0x66,0x6B,0x5E,0x6A,0x5E,0x4A,0x56,0x6A,0x56,0x8B,0x5E,0xAB,0x66,
    0xAC,0x66,0xCC,0x66,0x0A,0x5E,0x6A,0x75,0x30,0xBE,0x52,0xE6,0x13,0xF6,0xD5,0xFD,
    0x09,0xEA,0xE6,0xF0,0x85,0xE8,0xC5,0xE8,0xA5,0xF0,0x84,0xF8,0xA4,0xF0,0xE4,0xE8,
    0x62,0xF8,0x62,0xF8,0x62,0xF8,0x82,0xF8,0x82,0xF8,0x82,0xF8,0xA2,0xF8,0xA2,0xF8,
    0xA2,0xF8,0xC2,0xF0,0xC2,0xF0,0xC2,0xF0,0xC2,0xF0,0xC2,0xF0,0xC2,0xF0,0xC2,0xF0,
    0x86,0xF8,0xC6,0xF0,0x63,0xF0,0x83,0xF8,0x41,0xF8,0x21,0xC1,0x0A,0x9D,0x6B,0x5E,
    0xAC,0x56,0x8B,0x66,0xAA,0x5E,0xAA,0x5E,0x6C,0x6E,0xED,0x7D,0x2D,0x6D,0xFC,0xCF,
    0xBF,0xFF,0xBF,0xFF,0xDE,0xFF,0x1A,0xE7,0x42,0x21,0xD0,0x8C,0xFD,0xF7,0xFE,0xF7,
    0xFF,0xF7,0xFF,0xF7,0xFF,0xF7,0xDF,0xF7,0xFF,0xFF,0xFF,0xFF,0xFF,0xFF,0xFF,0xFF,
    0xFF,0xFF,0xFF,0xFF,0xFF,0xFF,0x9F,0xFF,0xB7,0xC5,0x9B,0xDE,0xDE,0xFF,0xFE,0xFF,
    0x39,0xD7,0xB2,0x9D,0x70,0x85,0xFB,0xDF,0xFC,0xE7,0xFC,0xE7,0xFC,0xE7,0xFB,0xDF,
    0x54,0xAF,0x8C,0x6D,0x8B,0x65,0x0B,0x66,0xED,0x76,0x49,0x5E,0x8A,0x5E,0x68,0x56,
    0xBF,0xD7,0xBF,0xCF,0xDD,0xCF,0x30,0x75,0xCB,0x5C,0xC8,0x54,0x48,0x5D,0xC5,0x44,
    0x67,0x5D,0xC6,0x4C,0xA8,0x44,0x89,0x44,0x47,0x23,0x8B,0x33,0x6C,0x33,0x51,0x54,
    0x87,0x3B,0x46,0x33,0x08,0x44,0x2C,0x65,0xAD,0x6D,0x2D,0x76,0x4D,0x6E,0xEA,0x5D,
    0x2A,0x5E,0x6B,0x5E,0xAB,0x5E,0xCB,0x66,0xCB,0x5E,0xAA,0x5E,0x8A,0x56,0x69,0x56,
    0x49,0x4E,0x0C,0x5F,0x8B,0x5E,0x0B,0x6E,0x6B,0x75,0x8C,0x85,0x4D,0x9D,0x30,0xDD,
    0xE7,0xD1,0xC5,0xF0,0x65,0xF0,0x85,0xF0,0x85,0xF8,0x64,0xF8,0x84,0xF8,0x63,0xF8,
    0x62,0xF8,0x62,0xF8,0x62,0xF8,0x82,0xF8,0x82,0xF8,0x82,0xF8,0x82,0xF8,0x82,0xF8,
    0xA2,0xF8,0xA2,0xF8,0xA2,0xF8,0xA1,0xF8,0xA1,0xF8,0x81,0xF8,0x81,0xF8,0x81,0xF8,
    0x65,0xF8,0xA5,0xF8,0x42,0xF8,0x82,0xF8,0x41,0xF8,0x21,0xD1,0x48,0x9C,0x2C,0x6E,
    0x4B,0x5E,0x4A,0x66,0xAB,0x66,0x6A,0x56,0x4B,0x6E,0xCD,0x75,0xEC,0x64,0xFC,0xCF,
    0xBF,0xFF,0x9E,0xFF,0xDE,0xFF,0xFD,0xFF,0xFD,0xFF,0xDC,0xF7,0xFD,0xFF,0xFE,0xF7,
    0xFF,0xF7,0xFF,0xF7,0xFF,0xF7,0xFF,0xF7,0xFF,0xFF,0xFF,0xFF,0xFE,0xFF,0xFF,0xFF,
    0xFE,0xFF,0xFF,0xFF,0x9E,0xF7,0x7A,0xD6,0x9F,0xFF,0xDF,0xFF,0xDF,0xFF,0xFF,0xFF,
    0xFE,0xFF,0x9B,0xE7,0x52,0x95,0xD8,0xC6,0x18,0xC7,0xFD,0xEF,0xFE,0xEF,0xFE,0xEF,
    0xFD,0xEF,0x58,0xC7,0xF1,0x8D,0x2C,0x65,0x4E,0x76,0x0C,0x66,0x4B,0x5E,0xAC,0x66,
    0xDF,0xD7,0xBF,0xCF,0x78,0x9E,0x6D,0x54,0xEC,0x5C,0x87,0x44,0x48,0x55,0x06,0x4D,
    0xC4,0x44,0x84,0x3C,0x48,0x55,0x2E,0x76,0x8D,0x65,0x8B,0x44,0x0B,0x3C,0x8E,0x4C,
    0x2C,0x65,0xCE,0x75,0x2F,0x7E,0xED,0x6D,0xCC,0x65,0x6D,0x6E,0x8D,0x76,0x6C,0x66,
    0x8C,0x66,0x8B,0x66,0xAB,0x5E,0xAA,0x5E,0x8A,0x56,0xAA,0x56,0xAA,0x5E,0xCB,0x5E,
    0xCB,0x66,0xAB,0x5E,0x6A,0x56,0xAC,0x66,0x6C,0x5E,0x4C,0x56,0xCB,0x5D,0x2D,0x9D,
    0xC5,0xA9,0xC4,0xE0,0x84,0xF8,0x84,0xF8,0x63,0xF8,0x63,0xF8,0x83,0xF8,0x22,0xF8,
    0x84,0xF8,0x84,0xF8,0x84,0xF8,0x84,0xF8,0x84,0xF8,0x84,0xF8,0x63,0xF8,0x63,0xF8,
    0x63,0xF8,0x63,0xF8,0x63,0xF8,0x62,0xF8,0x62,0xF8,0x62,0xF8,0x62,0xF8,0x62,0xF8,
    0x62,0xF8,0xC2,0xF8,0x81,0xF8,0x60,0xF8,0x60,0xF8,0x82,0xC9,0xC6,0x8B,0x2C,0x76,
    0x6C,0x66,0x6B,0x6E,0xAB,0x6E,0x8B,0x66,0x8C,0x6E,0x0D,0x76,0x8E,0x6D,0xB7,0xA7,
    0xDF,0xFF,0xDF,0xFF,0xDE,0xFF,0xDE,0xFF,0x7C,0xF7,0xFE,0xFF,0xFE,0xFF,0xDD,0xEF,
    0xFF,0xF7,0xFF,0xF7,0xFF,0xF7,0xFF,0xFF,0xFF,0xFF,0xDF,0xFF,0xFF,0xFF,0xFF,0xFF,
    0xFF,0xFF,0xFF,0xFF,0xFF,0xFF,0xDF,0xFF,0xDF,0xFF,0x7E,0xFF,0xBF,0xFF,0xDF,0xFF,
    0xFF,0xFF,0xFF,0xFF,0xD5,0xAD,0xF1,0x8C,0xF1,0x84,0xB7,0xBE,0xBB,0xDF,0xFE,0xEF,
    0xFF,0xEF,0xFF,0xF7,0xDC,0xD7,0x94,0x9E,0xAE,0x6D,0x4F,0x76,0x4D,0x6E,0x6D,0x66,
    0xFF,0xCF,0xFF,0xCF,0xD0,0x5C,0xAD,0x54,0x6A,0x44,0xA8,0x44,0xE7,0x44,0xC9,0x5D,
    0x4A,0x6E,0x8B,0x76,0x2A,0x66,0x0A,0x66,0x2C,0x6E,0x2E,0x6E,0x4F,0x76,0x0F,0x76,
    0x0D,0x6E,0x4E,0x76,0x4D,0x6E,0x4D,0x6E,0xAE,0x76,0x6C,0x66,0xEA,0x55,0xAC,0x66,
    0x6B,0x5E,0x8B,0x5E,0x8B,0x5E,0x8B,0x5E,0x8A,0x5E,0x8B,0x5E,0x8B,0x5E,0xAB,0x5E,
    0x6A,0x66,0x8A,0x5E,0xAC,0x5E,0xAC,0x5E,0xAC,0x4E,0x0D,0x47,0xEE,0x5E,0xAD,0x95,
    0xC2,0x99,0xE2,0xE0,0xC2,0xF8,0xC1,0xF0,0xA0,0xE8,0xC1,0xF0,0x01,0xF9,0xE1,0xF0,
    0x65,0xF8,0x65,0xF8,0x84,0xF8,0x84,0xF8,0x84,0xF8,0x84,0xF8,0x84,0xF8,0x84,0xF8,
    0x84,0xF8,0x83,0xF8,0x83,0xF8,0x83,0xF8,0x83,0xF8,0x83,0xF8,0x83,0xF8,0x82,0xF8,
    0x00,0xD9,0x40,0xD9,0x40,0xE9,0xC0,0xF0,0x00,0xE9,0x22,0xB2,0xC5,0x63,0x6D,0x66,
    0xAD,0x5E,0x4B,0x66,0x4A,0x66,0x6A,0x66,0x4A,0x66,0x2C,0x6E,0x4F,0x76,0x91,0x7E,
    0xDE,0xFF,0xFF,0xFF,0xFF,0xFF,0xBF,0xFF,0xDF,0xFF,0x9F,0xFF,0xBF,0xFF,0xFF,0xFF,
    0xFF,0xFF,0xFF,0xFF,0xFF,0xFF,0xFF,0xFF,0xFF,0xFF,0xDF,0xFF,0xDF,0xFF,0xDF,0xFF,
    0xFF,0xFF,0xFF,0xFF,0xBF,0xF7,0xFF,0xFF,0xDF,0xFF,0xDF,0xFF,0xDF,0xFF,0xFF,0xFF,
    0xDF,0xFF,0xFF,0xFF,0x78,0xBE,0x72,0x95,0x31,0x85,0x50,0x85,0xD2,0x8D,0xFA,0xD7,
    0xFF,0xF7,0xFF,0xF7,0xFE,0xEF,0xFB,0xD7,0x0C,0x5D,0x0E,0x6E,0x6D,0x6E,0x2C,0x66,
    0xFE,0xCF,0x34,0x7E,0x6C,0x44,0xAC,0x44,0xAE,0x65,0x4E,0x6E,0x6D,0x6E,0x4B,0x66,
    0x6B,0x66,0x6A,0x66,0x8B,0x6E,0x4A,0x66,0x4A,0x66,0x8C,0x6E,0x4B,0x66,0x4C,0x6E,
    0x4C,0x66,0x6C,0x66,0x6C,0x66,0x6C,0x66,0x6B,0x66,0x6B,0x66,0x8B,0x5E,0x8B,0x5E,
    0x8B,0x5E,0x8B,0x5E,0x8B,0x5E,0x8B,0x5E,0x8B,0x5E,0x8B,0x5E,0x6B,0x5E,0x6B,0x5E,
    0xAB,0x66,0x8B,0x5E,0x6B,0x5E,0x6C,0x5E,0xAD,0x5E,0x8B,0x3E,0xCD,0x5E,0xAC,0x95,
    0x02,0xA2,0x21,0xE9,0x00,0xF1,0x60,0xD9,0x40,0xC1,0x20,0xB1,0xA0,0xC1,0xC0,0xB9,
    0xA2,0xF0,0xE3,0xF8,0xE2,0xF0,0xA1,0xE8,0xC1,0xE8,0x22,0xE9,0x21,0xE1,0xC0,0xD0,
    0x41,0xD9,0xE3,0xE1,0x24,0xEA,0xC2,0xD9,0x20,0xC1,0x00,0xB9,0xC1,0xD1,0x84,0xEA,
    0xC3,0xF3,0x82,0xE3,0x21,0xDB,0x20,0xCA,0xA0,0xA9,0x00,0x6A,0xA6,0x54,0x6C,0x4E,
    0xCE,0x56,0x6C,0x5E,0x6B,0x6E,0x29,0x66,0xAB,0x6E,0x4B,0x66,0x4D,0x6E,0xEC,0x5D,
    0x5B,0xCF,0xFF,0xF7,0xFF,0xF7,0xFF,0xFF,0xBF,0xFF,0x7F,0xFF,0xBF,0xFF,0xBF,0xFF,
    0xBF,0xFF,0xBF,0xFF,0xFF,0xFF,0xDF,0xFF,0xBF,0xFF,0xDF,0xFF,0xBF,0xFF,0xBF,0xFF,
    0xFF,0xFF,0xFF,0xFF,0xDF,0xFF,0xFF,0xFF,0xFF,0xFF,0x7E,0xF7,0xFC,0xE6,0x5D,0xEF,
    0xFF,0xFF,0xFF,0xFF,0x77,0xB6,0x14,0x9E,0xB0,0x85,0xD0,0x85,0x10,0x7E,0x6D,0x65,
    0xFD,0xEF,0xFD,0xEF,0xFB,0xE7,0xF4,0xA6,0xED,0x75,0xEB,0x65,0x4B,0x6E,0x4B,0x66,
    0x14,0x8F,0xEF,0x6D,0x8D,0x5D,0xEE,0x65,0x2E,0x6E,0x4D,0x66,0x4D,0x66,0x4C,0x66,
    0x6B,0x5E,0x6B,0x66,0x6A,0x5E,0x8A,0x66,0x8A,0x66,0x8A,0x66,0xAA,0x66,0xAA,0x66,
    0x8B,0x5E,0x8B,0x5E,0x8B,0x5E,0x8B,0x5E,0x8B,0x5E,0x8B,0x5E,0x8B,0x5E,0x8B,0x5E,
    0x8B,0x5E,0x8B,0x5E,0x6B,0x5E,0x6B,0x66,0x6C,0x66,0x6C,0x66,0x6C,0x66,0x6C,0x66,
    0x4A,0x66,0x6B,0x66,0x88,0x4D,0x0B,0x66,0x89,0x45,0x4B,0x46,0x4A,0x4E,0xCA,0x8D,
    0x00,0x8A,0x40,0xC1,0x80,0xC9,0x40,0xDB,0xE5,0xFC,0xC8,0xFD,0x09,0xFE,0x46,0xFD,
    0x20,0xE2,0x60,0xC9,0x40,0xB9,0x80,0xC1,0xC0,0xC1,0x60,0xCA,0xA3,0xEB,0x28,0xFD,
    0x69,0xFD,0x89,0xFD,0x68,0xFD,0xE5,0xEC,0x63,0xDC,0x83,0xDC,0x45,0xED,0xE8,0xFD,
    0xE5,0xFD,0x06,0xFE,0x27,0xFE,0xE8,0xFD,0x88,0xED,0xC6,0x8C,0x8C,0x6E,0x2F,0x4F,
    0xCE,0x46,0x8D,0x5E,0x4B,0x6E,0x6A,0x6E,0x69,0x66,0xAA,0x66,0x6B,0x5E,0x4B,0x5E,
    0x2F,0x6D,0x75,0x9E,0xFF,0xE7,0xDF,0xEF,0xBF,0xFF,0xBF,0xFF,0x9F,0xFF,0xBF,0xFF,
    0xFD,0xEE,0x18,0xCE,0xDE,0xFF,0xFF,0xFF,0xFF,0xFF,0x9F,0xFF,0xBF,0xFF,0xDF,0xFF,
    0x9F,0xF7,0xFF,0xFF,0xFF,0xFF,0x9E,0xF7,0xFF,0xFF,0xFF,0xFF,0x82,0x10,0x6D,0x6B,
    0xFF,0xFF,0xBD,0xE7,0xFE,0xEF,0x94,0xA6,0x30,0x86,0x0E,0x6E,0x2D,0x6E,0x4D,0x66,
    0x6F,0x7D,0xCF,0x85,0xCE,0x75,0x8B,0x65,0xC9,0x5D,0x6A,0x66,0xAA,0x66,0x69,0x5E,
    0x2C,0x66,0x2C,0x66,0x6D,0x6E,0x8D,0x6E,0x6C,0x66,0x4C,0x5E,0x6D,0x66,0x8D,0x66,
    0x8C,0x5E,0xAC,0x66,0x4A,0x56,0x8B,0x66,0x8A,0x66,0x28,0x56,0x89,0x66,0x69,0x5E,
    0xAA,0x5E,0xAA,0x5E,0xAA,0x5E,0xAA,0x5E,0xAA,0x5E,0x8A,0x5E,0x8B,0x5E,0x8B,0x5E,
    0x8B,0x5E,0x8B,0x5E,0x6B,0x66,0x6C,0x66,0x6C,0x66,0x4C,0x66,0x4C,0x66,0x4C,0x66,
    0x2B,0x76,0xEA,0x65,0xCA,0x6D,0x29,0x5D,0x0B,0x66,0xE9,0x35,0xCB,0x4E,0x09,0x76,
    0x43,0xA4,0xA6,0xF4,0x66,0xFD,0x07,0xFE,0x05,0xFE,0xC4,0xFD,0xE5,0xFD,0x84,0xFD,
    0xC5,0xFD,0x22,0xF5,0xC0,0xE4,0x22,0xED,0xC4,0xFD,0x05,0xFE,0x25,0xFE,0x45,0xFE,
    0x65,0xFE,0x85,0xFE,0x64,0xF6,0x23,0xEE,0x02,0xEE,0x02,0xEE,0x63,0xF6,0x84,0xFE,
    0x02,0xF6,0x23,0xF6,0x44,0xFE,0x26,0xFE,0x48,0xE6,0xC4,0x7C,0x2A,0x5E,0x6B,0x36,
    0xAD,0x46,0x8D,0x5E,0x4B,0x6E,0x6A,0x6E,0x69,0x66,0xAA,0x5E,0x8A,0x5E,0x6A,0x5E,
    0x2E,0x6E,0x6C,0x5D,0xFB,0xD7,0xFE,0xEF,0xDF,0xEF,0xFF,0xFF,0xDF,0xFF,0xDF,0xFF,
    0xB4,0xA4,0x00,0x00,0x88,0x52,0x2E,0x84,0x57,0xC6,0xFE,0xFF,0xFF,0xFF,0x7E,0xFF,
    0xDF,0xFF,0xFF,0xFF,0x9E,0xF7,0xFF,0xFF,0xDF,0xFF,0xFF,0xFF,0x3C,0xE7,0xDE,0xF7,
    0xFF,0xF7,0xFE,0xF7,0xFD,0xE7,0xF4,0xA6,0xEE,0x6D,0x2C,0x66,0xCD,0x66,0x8B,0x56,
    0x0E,0x76,0x2E,0x76,0x6D,0x76,0x6C,0x66,0x8B,0x66,0xCA,0x5E,0xEA,0x5E,0xC9,0x5E,
    0x89,0x66,0x69,0x66,0x8A,0x66,0x8B,0x66,0x6B,0x5E,0x6B,0x5E,0x8C,0x66,0x4C,0x56,
    0x6C,0x5E,0x8C,0x5E,0xE9,0x4D,0x6B,0x5E,0x6A,0x5E,0xC8,0x45,0x6A,0x5E,0x29,0x56,
    0xAA,0x5E,0xAA,0x5E,0xAA,0x5E,0xAA,0x5E,0xAA,0x5E,0x8A,0x5E,0x8B,0x5E,0x8B,0x5E,
    0x8B,0x5E,0x6B,0x66,0x6B,0x66,0x6C,0x66,0x6C,0x66,0x4C,0x66,0x4C,0x66,0x4C,0x66,
    0x4A,0x6E,0x6C,0x76,0xEB,0x65,0x2C,0x7E,0x0C,0x66,0x8B,0x4E,0xCA,0x4E,0x68,0x6E,
    0xA2,0x8C,0x86,0xE5,0x46,0xFE,0x85,0xF6,0x43,0xEE,0xE2,0xFD,0x04,0xFE,0xE3,0xFD,
    0x43,0xF6,0x43,0xFE,0x43,0xFE,0x43,0xF6,0x43,0xF6,0x63,0xF6,0x42,0xF6,0x01,0xEE,
    0x01,0xEE,0x21,0xEE,0x62,0xF6,0x82,0xFE,0x82,0xFE,0x82,0xFE,0x61,0xFE,0x41,0xF6,
    0x62,0xFE,0x42,0xFE,0x02,0xFE,0x04,0xFE,0x68,0xF6,0xE3,0x8C,0x6B,0x76,0xCD,0x56,
    0x8D,0x4E,0x6D,0x66,0x6C,0x7E,0x29,0x6E,0xAA,0x66,0xA9,0x56,0xCB,0x5E,0x8B,0x5E,
    0xAB,0x66,0xC9,0x5D,0x2D,0x76,0x54,0xB7,0xFC,0xEF,0xFD,0xF7,0xDD,0xF7,0xFE,0xFF,
    0xFE,0xFF,0x7C,0xE7,0x4F,0x84,0x80,0x00,0x20,0x00,0xC4,0x31,0xAF,0x94,0xBB,0xFF,
    0xFF,0xFF,0xDF,0xFF,0xDF,0xFF,0xFF,0xFF,0xFF,0xFF,0x7D,0xEF,0xFF,0xFF,0xBE,0xEF,
    0xFE,0xEF,0xFE,0xF7,0xFC,0xDF,0x92,0x96,0xEC,0x65,0x6C,0x66,0xEB,0x5E,0xA9,0x4E,
    0x2D,0x66,0x4D,0x66,0x8C,0x66,0xAC,0x5E,0xAA,0x56,0x89,0x4E,0x89,0x4E,0xAA,0x56,
    0x89,0x66,0x68,0x5E,0x89,0x66,0x8A,0x66,0x8A,0x66,0xAB,0x66,0x6B,0x5E,0xC9,0x45,
    0x2B,0x56,0x4B,0x5E,0xA9,0x45,0x6B,0x5E,0x6B,0x5E,0xC9,0x4D,0x8B,0x66,0x6B,0x5E,
    0xAA,0x5E,0xAA,0x5E,0xAA,0x5E,0x8A,0x5E,0x8A,0x5E,0x8B,0x5E,0x8B,0x5E,0x8B,0x5E,
    0x8B,0x5E,0x6B,0x66,0x6B,0x66,0x6B,0x66,0x6C,0x66,0x6C,0x66,0x6C,0x66,0x6C,0x66,
    0x8A,0x56,0xCC,0x5E,0x4B,0x5E,0x8D,0x76,0x4C,0x6E,0x8C,0x5E,0xAA,0x5E,0x27,0x7E,
    0x24,0xA5,0x06,0xF6,0x44,0xFE,0x42,0xEE,0x62,0xF6,0x22,0xFE,0x22,0xFE,0xC1,0xFD,
    0x03,0xFE,0xC2,0xFD,0xC2,0xFD,0x03,0xFE,0x23,0xFE,0x23,0xFE,0x43,0xFE,0xA4,0xFE,
    0x43,0xFE,0x63,0xFE,0x43,0xFE,0x42,0xFE,0x62,0xFE,0x62,0xFE,0x42,0xFE,0x42,0xFE,
    0xE0,0xFD,0x01,0xFE,0xC1,0xFD,0xC3,0xFD,0x26,0xFE,0xC3,0xA4,0x08,0x86,0x8C,0x66,
    0x8C,0x56,0x8D,0x6E,0x2B,0x76,0x6A,0x6E,0x68,0x56,0xCA,0x56,0x8B,0x56,0x8C,0x66,
    0xCA,0x5E,0x69,0x66,0x29,0x66,0xEA,0x75,0x09,0x6D,0xEF,0x95,0xB9,0xDF,0xFE,0xF7,
    0xFF,0xEF,0xFF,0xEF,0xFF,0xEF,0x3C,0xCF,0xD9,0xC6,0x8E,0x84,0xE2,0x31,0xA9,0x73,
    0xFF,0xFF,0xDF,0xFF,0xDF,0xFF,0xFF,0xFF,0xDE,0xF7,0xFF,0xFF,0xBE,0xF7,0xFF,0xFF,
    0xDE,0xF7,0xFD,0xEF,0xFD,0xE7,0xAF,0x75,0x4E,0x76,0xAC,0x66,0x68,0x4E,0x09,0x57,
    0x6D,0x66,0x0B,0x56,0xEA,0x4D,0x6A,0x4E,0xAB,0x56,0xAA,0x56,0xAA,0x56,0xCB,0x56,
    0x89,0x66,0x89,0x5E,0x8A,0x66,0x8A,0x66,0x6A,0x5E,0x8B,0x66,0x6A,0x5E,0x09,0x4E,
    0x6B,0x5E,0x6B,0x5E,0x0A,0x56,0x8C,0x66,0x8C,0x66,0x2A,0x5E,0x8C,0x66,0x6B,0x66,
    0x8B,0x5E,0x8B,0x5E,0x8B,0x5E,0x8B,0x66,0x8B,0x66,0x8B,0x66,0x6B,0x66,0x6B,0x66,
    0x6B,0x66,0x6B,0x66,0x6B,0x66,0x8B,0x5E,0x8B,0x5E,0x8B,0x5E,0x8B,0x5E,0x8B,0x5E,
    0xEA,0x4E,0xEA,0x46,0xEC,0x56,0x2B,0x56,0xAD,0x6E,0x2A,0x56,0xCB,0x6E,0xE7,0x85,
    0xC2,0xAC,0xE6,0xFD,0x64,0xFE,0x62,0xF6,0x61,0xF6,0x20,0xF6,0x41,0xFE,0x82,0xFE,
    0xE4,0xFD,0xA3,0xFD,0x62,0xFD,0x41,0xFD,0xA2,0xFD,0xE3,0xFD,0xC3,0xFD,0xA1,0xFD,
    0x03,0xFE,0x03,0xFE,0x02,0xFE,0x02,0xFE,0x02,0xFE,0x02,0xFE,0x02,0xFE,0x02,0xFE,
    0xE0,0xFD,0x21,0xFE,0xE1,0xFD,0xE3,0xFD,0x26,0xFE,0x44,0xBD,0xA6,0x85,0x6A,0x6E,
    0x8B,0x56,0xCC,0x6E,0xE9,0x65,0x8B,0x76,0xE7,0x45,0xCC,0x56,0x0B,0x56,0x2E,0x6E,
    0x28,0x4E,0xCB,0x6E,0x6A,0x6E,0x09,0x6E,0x0B,0x7E,0x0E,0x86,0xCD,0x64,0xF5,0x95,
    0xFD,0xB6,0xDF,0xCF,0xFF,0xDF,0xFF,0xE7,0xFF,0xEF,0x7D,0xDF,0xFD,0xFF,0xFC,0xFF,
    0xBF,0xFF,0xFF,0xFF,0xFF,0xFF,0xFF,0xFF,0xBD,0xEF,0xFF,0xFF,0xFF,0xFF,0xFF,0xFF,
    0xFF,0xFF,0xFE,0xF7,0xBA,0xD7,0x4E,0x75,0x2D,0x76,0x8C,0x66,0x88,0x4E,0x09,0x57,
    0x4C,0x66,0x0B,0x56,0xEA,0x4D,0x2A,0x4E,0x29,0x4E,0xE8,0x3D,0xE9,0x45,0x4A,0x56,
    0x8B,0x66,0x6B,0x66,0x6B,0x66,0x6B,0x66,0x4A,0x5E,0x6A,0x5E,0x8B,0x66,0x8A,0x5E,
    0xAB,0x66,0xAB,0x66,0x8B,0x66,0x8B,0x66,0x6B,0x66,0x4B,0x66,0x6B,0x66,0x4B,0x66,
    0x6B,0x66,0x6B,0x66,0x6B,0x66,0x6B,0x66,0x6B,0x66,0x6B,0x66,0x6B,0x66,0x6B,0x66,
    0x6B,0x66,0x8B,0x5E,0x8B,0x5E,0x8B,0x5E,0x8B,0x5E,0x8A,0x5E,0x8A,0x5E,0x8A,0x5E,
    0x89,0x56,0x0B,0x5F,0x6A,0x46,0xCD,0x5E,0x2B,0x56,0xCC,0x5E,0xA9,0x5E,0x27,0x86,
    0x43,0xB5,0xE5,0xFD,0xE2,0xFD,0x21,0xF6,0x81,0xFE,0x41,0xFE,0x40,0xFE,0x40,0xEE,
    0xE2,0xFD,0x44,0xFE,0x43,0xFE,0x60,0xED,0xE0,0xDC,0x40,0xE5,0x02,0xFE,0x63,0xFE,
    0x22,0xFE,0x22,0xFE,0x43,0xFE,0x63,0xFE,0x43,0xFE,0x43,0xFE,0x43,0xFE,0x22,0xFE,
    0x61,0xF6,0x61,0xFE,0x21,0xFE,0xE2,0xFD,0x04,0xF6,0x05,0xCE,0x64,0x7D,0x69,0x66,
    0xAA,0x5E,0xAB,0x66,0x09,0x66,0x29,0x66,0xE8,0x45,0x4B,0x4E,0xEC,0x5D,0xAE,0x75,
    0xA9,0x45,0xC9,0x4D,0x6B,0x6E,0xCD,0x86,0xEA,0x6D,0x8C,0x6D,0xF2,0x7D,0x18,0x86,
    0xB4,0x33,0x97,0x33,0xDE,0x64,0x7F,0x85,0xFF,0xDF,0xFF,0xEF,0xBF,0xEF,0xFE,0xFF,
    0xFF,0xFF,0xDF,0xFF,0xFF,0xFF,0x5C,0xE7,0xFF,0xFF,0xFF,0xFF,0xBE,0xF7,0xFF,0xFF,
    0xFF,0xFF,0x5B,0xDF,0x11,0x8D,0x8F,0x85,0xCC,0x6D,0x6B,0x66,0xEA,0x66,0xC8,0x4E,
    0x4B,0x66,0x4C,0x66,0x8C,0x6E,0xAB,0x66,0x4A,0x56,0xE8,0x4D,0x4A,0x5E,0xAD,0x6E,
    0x6C,0x66,0x4C,0x5E,0x6C,0x66,0xAC,0x66,0x8B,0x66,0x8B,0x66,0x8B,0x66,0x6A,0x5E,
    0x6A,0x66,0x6A,0x66,0x8B,0x66,0x6A,0x66,0x4B,0x66,0x8B,0x6E,0x4B,0x66,0x6B,0x66,
    0x4C,0x6E,0x4C,0x66,0x4C,0x66,0x6B,0x66,0x6B,0x66,0x6B,0x66,0x6B,0x66,0x6B,0x66,
    0x6B,0x66,0x8B,0x5E,0x8B,0x5E,0x8A,0x5E,0xAA,0x5E,0xAA,0x5E,0xAA,0x5E,0xAA,0x5E,
    0x09,0x6E,0x6A,0x6E,0xAB,0x5E,0x8B,0x56,0xCC,0x5E,0xAB,0x46,0x0A,0x57,0x26,0x6E,
    0x83,0xA5,0x45,0xF6,0x43,0xFE,0x41,0xF6,0x61,0xFE,0x00,0xFE,0x00,0xFE,0xA2,0xFE,
    0xC3,0xEE,0x81,0xDE,0x81,0xDE,0xC2,0xEE,0x61,0xE6,0xC0,0xD5,0xC0,0xDD,0x61,0xF6,
    0x61,0xFE,0x41,0xFE,0x21,0xFE,0x01,0xFE,0x01,0xFE,0x01,0xFE,0xE1,0xFD,0xE1,0xFD,
    0xA1,0xE6,0xA1,0xF6,0x61,0xFE,0x22,0xFE,0x44,0xF6,0xA7,0xDE,0x63,0x7D,0x68,0x66,
    0xEA,0x5E,0x69,0x56,0x8A,0x6E,0x66,0x45,0x6A,0x56,0x89,0x3D,0xEE,0x6D,0x2E,0x75,
    0xED,0x55,0xD0,0x76,0x2C,0x66,0x2B,0x6E,0x2C,0x76,0x4F,0x7E,0xFF,0xCF,0xBF,0xAF,
    0xD7,0x33,0x3A,0x23,0x7D,0x33,0x3B,0x33,0xD6,0x32,0xB5,0x63,0xD5,0x94,0x39,0xC6,
    0x18,0xC6,0x99,0xD6,0xFE,0xFF,0xFF,0xFF,0xFE,0xFF,0xFF,0xFF,0xFF,0xFF,0xDF,0xFF,
    0x3C,0xE7,0xF2,0x9C,0x31,0x8D,0xD1,0x8D,0x0E,0x7E,0x2B,0x66,0xCA,0x5E,0xC8,0x56,
    0x6C,0x76,0x4B,0x6E,0x4A,0x66,0x8B,0x6E,0x8B,0x6E,0x6A,0x66,0x4A,0x66,0x6B,0x6E,
    0x8B,0x5E,0x8B,0x5E,0x8B,0x5E,0x8B,0x5E,0x8B,0x5E,0x8B,0x5E,0x8B,0x5E,0x8B,0x5E,
    0x8B,0x5E,0x8B,0x5E,0x8B,0x5E,0x8B,0x5E,0x8B,0x5E,0x8B,0x5E,0x8B,0x5E,0x8B,0x5E,
    0x6B,0x5E,0x4B,0x5E,0x8B,0x66,0x8C,0x66,0x6B,0x5E,0x8C,0x66,0xAC,0x66,0x6B,0x66,
    0x6B,0x66,0x8C,0x66,0x6B,0x5E,0x4B,0x5E,0x8B,0x66,0x6B,0x66,0x6B,0x5E,0x8B,0x66,
    0x8C,0x5E,0x8C,0x5E,0x8B,0x5E,0x8A,0x5E,0xAA,0x5E,0xA9,0x5E,0xA9,0x5E,0x69,0x6E,
    0x25,0x6D,0x6C,0xBE,0xEB,0xD5,0xAB,0xE5,0xCB,0xF5,0xEB,0xED,0x2A,0xEE,0x2A,0xE6,
    0xA5,0xFD,0x26,0xFE,0x25,0xFE,0x04,0xEE,0x65,0xF6,0x03,0xF6,0x80,0xCC,0x45,0xFE,
    0xC3,0xFD,0x04,0xFE,0xE2,0xFD,0x23,0xFE,0x63,0xFE,0x22,0xF6,0x84,0xFE,0x23,0xFE,
    0x88,0xFD,0xA8,0xFD,0xC8,0xF5,0x8A,0xE6,0x49,0xAE,0x6A,0x96,0x05,0x55,0x6B,0x76,
    0x4B,0x6E,0x4C,0x6E,0x2C,0x6E,0x4C,0x6E,0x4B,0x6E,0x6B,0x66,0x8B,0x5E,0xAB,0x56,
    0x88,0x5E,0xCA,0x66,0x6B,0x5E,0x2D,0x6E,0x6E,0x6D,0x59,0xCF,0xFF,0xFF,0xBF,0xFF,
    0x5F,0xFF,0x99,0xBD,0x17,0x9D,0xD1,0x63,0xD1,0x63,0x95,0x8C,0xDB,0xC5,0x9F,0xFF,
    0x79,0xB6,0x11,0x7D,0xED,0x64,0x8C,0x6D,0xCE,0x86,0xCE,0x86,0xCE,0x86,0xEC,0x6D,
    0x8C,0x5D,0xCE,0x65,0x70,0x76,0xAF,0x6E,0x0B,0x56,0xAC,0x66,0x8A,0x66,0xAA,0x66,
    0x8B,0x5E,0x8B,0x5E,0x8B,0x5E,0x8B,0x5E,0x8B,0x5E,0x8B,0x5E,0x8B,0x5E,0x8B,0x5E,
    0x8B,0x5E,0x8B,0x5E,0x8B,0x5E,0x8B,0x5E,0x8B,0x5E,0x8B,0x5E,0x8B,0x5E,0x8B,0x5E,
    0x8B,0x5E,0x8B,0x5E,0x8B,0x5E,0x8B,0x5E,0x8B,0x5E,0x8B,0x5E,0x8B,0x5E,0x8B,0x5E,
    0x8C,0x66,0x8B,0x66,0x8C,0x66,0x8B,0x66,0x4B,0x5E,0x4B,0x5E,0x6B,0x5E,0x2A,0x56,
    0x4B,0x5E,0x4B,0x5E,0x0A,0x56,0x0A,0x56,0x6B,0x5E,0x8B,0x66,0x6B,0x5E,0x8C,0x66,
    0xAC,0x56,0x8B,0x5E,0x8B,0x5E,0x8B,0x66,0x8A,0x66,0x8A,0x66,0x89,0x66,0x69,0x6E,
    0xC8,0x75,0x27,0x85,0x45,0x8C,0xA7,0xB4,0xE9,0xD4,0x09,0xDD,0x4A,0xDD,0xE8,0xCC,
    0x27,0xD5,0x83,0xB4,0xC3,0xA4,0x23,0x9D,0x64,0x9D,0x83,0x9D,0xC0,0x94,0x84,0xBD,
    0x06,0xCE,0x06,0xD6,0x84,0xBD,0x44,0xBD,0x03,0xBD,0x04,0xC5,0x05,0xD5,0xA4,0xD4,
    0xE6,0xE4,0xE5,0xD4,0x22,0x9C,0xA3,0x84,0x04,0x6D,0x29,0x76,0x09,0x66,0x6A,0x66,
    0x6B,0x66,0x4B,0x6E,0x4B,0x6E,0x4B,0x6E,0x6B,0x66,0x6B,0x66,0x8B,0x5E,0xAB,0x56,
    0x68,0x56,0xEB,0x66,0x8B,0x66,0x0C,0x66,0xEC,0x5C,0xFD,0xEF,0x3C,0xE7,0xDF,0xFF,
    0xBF,0xFF,0xFF,0xFF,0xDF,0xEF,0xFF,0xEF,0xFF,0xEF,0xDF,0xEF,0xFF,0xFF,0xDF,0xFF,
    0x7B,0xCF,0x92,0x85,0xAF,0x7D,0x2E,0x7E,0x0B,0x6E,0xEA,0x65,0xAD,0x7E,0x2C,0x6E,
    0x6E,0x76,0x4F,0x76,0xAD,0x5D,0x0D,0x66,0x6D,0x66,0x6B,0x5E,0x48,0x56,0x88,0x56,
    0x8B,0x5E,0x8B,0x5E,0x8B,0x5E,0x8B,0x5E,0x8B,0x5E,0x8B,0x5E,0x8B,0x5E,0x8B,0x5E,
    0x8B,0x5E,0x8B,0x5E,0x8B,0x5E,0x8B,0x5E,0x8B,0x5E,0x8B,0x5E,0x8B,0x5E,0x8B,0x5E,
    0x8B,0x5E,0x8B,0x5E,0x8B,0x5E,0x8B,0x5E,0x8B,0x5E,0x8B,0x5E,0x8B,0x5E,0x8B,0x5E,
    0x8C,0x66,0x6B,0x66,0x6B,0x66,0x4B,0x5E,0x0A,0x56,0x2A,0x56,0x2A,0x5E,0xE9,0x55,
    0x4B,0x5E,0x4B,0x5E,0xE9,0x55,0xE9,0x55,0x6B,0x5E,0x8B,0x66,0x6B,0x66,0x8B,0x66,
    0xCB,0x4E,0xAB,0x56,0x8B,0x5E,0x6B,0x6E,0x4B,0x6E,0x6B,0x6E,0x6A,0x66,0x6A,0x66,
    0xAB,0x7E,0x2A,0x86,0x48,0x85,0x6B,0xAD,0xB1,0xF6,0x92,0xFE,0x72,0xFE,0x52,0xFE,
    0x34,0xE7,0x2B,0x9D,0xAB,0x8D,0x2B,0x7E,0x09,0x66,0x28,0x66,0x28,0x66,0xC6,0x65,
    0x86,0x65,0x87,0x6D,0x88,0x7D,0x8A,0x95,0x4B,0xA5,0x92,0xEE,0x73,0xFE,0x74,0xFE,
    0xAF,0xE6,0xCB,0xBD,0x27,0x8D,0x09,0x86,0x49,0x76,0x69,0x66,0xAA,0x5E,0x49,0x56,
    0x8A,0x5E,0x6B,0x66,0x4B,0x6E,0x4B,0x6E,0x6B,0x66,0x6B,0x5E,0x8B,0x5E,0xAB,0x56,
    0x68,0x4E,0xCA,0x5E,0xAC,0x66,0x2D,0x6E,0x0C,0x5D,0xFB,0xDF,0xFE,0xFF,0xDE,0xFF,
    0xFF,0xFF,0xFF,0xFF,0xFF,0xEF,0xFF,0xEF,0xFF,0xE7,0xFF,0xEF,0xFF,0xFF,0x7E,0xF7,
    0xFA,0xCF,0xAC,0x64,0x10,0x86,0x4E,0x7E,0x2B,0x6E,0xAC,0x76,0x09,0x5E,0x4B,0x66,
    0x4D,0x6E,0x6B,0x55,0x0F,0x6E,0x2F,0x76,0x2D,0x6E,0xAC,0x6E,0xAA,0x66,0x0A,0x67,
    0x8B,0x5E,0x8B,0x5E,0x8B,0x5E,0x8B,0x5E,0x8B,0x5E,0x8B,0x5E,0x8B,0x5E,0x8B,0x5E,
    0x8B,0x5E,0x8B,0x5E,0x8B,0x5E,0x8B,0x5E,0x8B,0x5E,0x8B,0x5E,0x8B,0x5E,0x8B,0x5E,
    0x8B,0x5E,0x8B,0x5E,0x8B,0x5E,0x8B,0x5E,0x8B,0x5E,0x8B,0x5E,0x8B,0x5E,0x8B,0x5E,
    0x6B,0x66,0x6B,0x5E,0x6B,0x5E,0x4B,0x5E,0x2A,0x56,0x2A,0x5E,0x4B,0x5E,0x2A,0x56,
    0x8B,0x66,0x6B,0x66,0x2A,0x5E,0x2A,0x5E,0x6B,0x66,0x8B,0x66,0x6B,0x5E,0x8B,0x66,
    0xCA,0x4E,0xAB,0x56,0x6B,0x66,0x2B,0x6E,0x2C,0x76,0x4C,0x6E,0x6B,0x66,0xAB,0x5E,
    0x29,0x4E,0x4A,0x5E,0x4C,0x7E,0xEC,0x95,0xB2,0xD6,0x74,0xEE,0x76,0xFE,0xF5,0xFD,
    0x36,0xCF,0x2D,0x7D,0xEE,0x75,0x6E,0x66,0x8C,0x56,0xAB,0x4E,0x0C,0x57,0x8A,0x46,
    0x8A,0x4E,0x8C,0x5E,0x6D,0x6E,0x4F,0x86,0x6F,0x8D,0xB7,0xE6,0x38,0xF6,0xF8,0xFD,
    0x94,0xCF,0xAC,0x85,0xEB,0x75,0x4C,0x6E,0x6A,0x56,0x69,0x46,0x0B,0x57,0x0B,0x5F,
    0xAA,0x5E,0x8A,0x66,0x6A,0x66,0x6B,0x66,0x6B,0x66,0x8B,0x5E,0x8C,0x5E,0xAC,0x56,
    0xEB,0x5E,0x4A,0x56,0x4C,0x66,0x4F,0x76,0x0D,0x6D,0xFD,0xEF,0xFE,0xF7,0xFF,0xFF,
    0xBE,0xEF,0xDE,0xEF,0xFF,0xF7,0xFF,0xF7,0xFF,0xF7,0xFE,0xEF,0xFA,0xD6,0xB9,0xCE,
    0x97,0xBF,0x36,0xB7,0xCE,0x7D,0x0A,0x5D,0x0C,0x6E,0xAC,0x76,0xAC,0x6E,0x8C,0x6E,
    0xAA,0x5D,0xF6,0xB7,0x76,0xB7,0x2D,0x6D,0x4C,0x65,0xEC,0x65,0x4A,0x5E,0x88,0x56,
    0x8B,0x5E,0x8B,0x5E,0x8B,0x5E,0x8B,0x5E,0x8B,0x5E,0x8B,0x5E,0x8B,0x5E,0x8B,0x5E,
    0x8B,0x5E,0x8B,0x5E,0x8B,0x5E,0x8B,0x5E,0x8B,0x5E,0x8B,0x5E,0x8B,0x5E,0x8B,0x5E,
    0x8B,0x5E,0x8B,0x5E,0x8B,0x5E,0x8B,0x5E,0x8B,0x5E,0x8B,0x5E,0x8B,0x5E,0x8B,0x5E,
    0x8C,0x66,0x6B,0x66,0x8B,0x66,0x6B,0x66,0x4B,0x5E,0x8B,0x66,0xAC,0x66,0x6B,0x66,
    0x6B,0x66,0xAC,0x66,0x8C,0x66,0x6B,0x66,0x8C,0x66,0x6B,0x66,0x6B,0x5E,0x8C,0x66,
    0xAA,0x56,0x8A,0x5E,0x4B,0x6E,0x2C,0x76,0x2D,0x76,0x4D,0x6E,0x8C,0x5E,0xCC,0x4E,
    0x2C,0x57,0x6A,0x46,0x4B,0x5E,0x29,0x5D,0xCF,0x9D,0xB2,0xB5,0x57,0xDE,0xD6,0xD5,
    0xF0,0x95,0x0C,0x6D,0xCD,0x6D,0x2C,0x66,0xAC,0x5E,0x89,0x4E,0xCA,0x5E,0xC9,0x56,
    0xAA,0x56,0x8A,0x56,0x6C,0x5E,0xCC,0x65,0x8B,0x5C,0xB3,0xB5,0x34,0xCD,0xD4,0xD4,
    0x72,0x96,0xCA,0x54,0x6F,0x76,0x8E,0x66,0xAC,0x56,0x0C,0x57,0xEB,0x4E,0x48,0x3E,
    0xAA,0x56,0x8A,0x5E,0x8A,0x66,0x6A,0x66,0x6B,0x66,0x8B,0x5E,0x8C,0x56,0xAC,0x56,
    0xCD,0x66,0x4C,0x5E,0xCD,0x65,0x8E,0x75,0xFB,0xDF,0xFE,0xF7,0xFE,0xF7,0xFF,0xFF,
    0xFF,0xFF,0xFF,0xFF,0xFF,0xFF,0xBC,0xEF,0xFE,0xFF,0x9C,0xE7,0xB8,0xCE,0xFE,0xFF,
    0xF9,0xCF,0x94,0xA6,0xFB,0xDF,0xFA,0xD7,0xEE,0x75,0x8B,0x5D,0x2B,0x66,0x4B,0x66,
    0x51,0x97,0xFA,0xD7,0xFB,0xDF,0xFE,0xF7,0x99,0xCF,0x6D,0x6D,0x6C,0x6E,0x8A,0x5E,
    0x8B,0x5E,0x8B,0x5E,0x8B,0x5E,0x8B,0x5E,0x8B,0x5E,0x8B,0x5E,0x8B,0x5E,0x8B,0x5E,
    0x8B,0x5E,0x8B,0x5E,0x8B,0x5E,0x8B,0x5E,0x8B,0x5E,0x8B,0x5E,0x8B,0x5E,0x8B,0x5E,
    0x8B,0x5E,0x8B,0x5E,0x8B,0x5E,0x8B,0x5E,0x8B,0x5E,0x8B,0x5E,0x8B,0x5E,0x8B,0x5E,
    0x8B,0x66,0x6B,0x66,0x8C,0x66,0x8B,0x66,0x4B,0x5E,0x8B,0x66,0x8C,0x66,0x6B,0x5E,
    0x4B,0x5E,0x8C,0x66,0x8C,0x66,0x8B,0x66,0x8C,0x66,0x6B,0x66,0x6B,0x5E,0x8C,0x66,
    0x89,0x66,0x6A,0x66,0x4B,0x6E,0x2C,0x6E,0x4D,0x66,0x6D,0x5E,0xAD,0x4E,0xEC,0x46,
    0xCA,0x46,0xCB,0x56,0x4A,0x66,0x6A,0x6D,0xFA,0xEF,0xFB,0xF7,0xD9,0xD6,0x1C,0xE7,
    0xCD,0x7D,0x0D,0x7E,0x4D,0x7E,0x4B,0x76,0xAB,0x7E,0x48,0x6E,0x27,0x6E,0x89,0x76,
    0x68,0x6E,0x69,0x66,0x8B,0x66,0x6D,0x76,0xAD,0x75,0x57,0xCF,0xFC,0xFF,0xDD,0xFF,
    0xFB,0xE7,0x2D,0x6D,0x2F,0x7E,0x0D,0x66,0x2B,0x56,0x0D,0x5F,0xCB,0x56,0xEB,0x5E,
    0xAA,0x5E,0x8A,0x5E,0x8A,0x66,0x6A,0x66,0x8B,0x66,0x8B,0x5E,0xAC,0x56,0xAC,0x56,
    0xCC,0x55,0xD1,0x86,0x6E,0x6D,0xFB,0xE7,0xFE,0xFF,0xFF,0xFF,0xFF,0xFF,0xFF,0xFF,
    0xDF,0xF7,0xFF,0xFF,0xBE,0xFF,0xFF,0xFF,0xFF,0xFF,0x99,0xD6,0xDE,0xFF,0xDD,0xF7,
    0xFC,0xF7,0xFC,0xEF,0x97,0xBE,0xFE,0xEF,0xFC,0xDF,0x31,0x86,0xCC,0x65,0x2D,0x6E,
    0x4C,0x65,0x58,0xCF,0xFF,0xFF,0xDF,0xFF,0xFF,0xFF,0xFB,0xD7,0x6B,0x5D,0x4B,0x5E,
    0x8B,0x5E,0x8B,0x5E,0x8B,0x5E,0x8B,0x5E,0x8B,0x5E,0x8B,0x5E,0x8B,0x5E,0x8B,0x5E,
    0x8B,0x5E,0x8B,0x5E,0x8B,0x5E,0x8B,0x5E,0x8B,0x5E,0x8B,0x5E,0x8B,0x5E,0x8B,0x5E,
    0x8B,0x5E,0x8B,0x5E,0x8B,0x5E,0x8B,0x5E,0x8B,0x5E,0x8B,0x5E,0x8B,0x5E,0x8B,0x5E,
    0x6B,0x66,0x6B,0x5E,0x8B,0x66,0x8B,0x66,0x4B,0x5E,0x6B,0x66,0x8B,0x66,0x4B,0x5E,
    0x4B,0x5E,0x8B,0x66,0x6B,0x66,0x6B,0x5E,0x8C,0x66,0x6B,0x66,0x6B,0x5E,0x8C,0x66,
    0x69,0x6E,0x4A,0x6E,0x4B,0x6E,0x4D,0x66,0x6D,0x5E,0xAD,0x56,0xCD,0x4E,0xCB,0x4E,
    0x89,0x56,0x48,0x6E,0x05,0x6D,0xA2,0x5B,0xF8,0xFF,0xFB,0xFF,0xBC,0xF7,0xFF,0xFF,
    0x69,0x4D,0x4C,0x6E,0x2B,0x66,0x2A,0x6E,0x4A,0x76,0x29,0x76,0x08,0x76,0x49,0x7E,
    0x28,0x76,0x49,0x66,0x6B,0x66,0x6C,0x66,0xCC,0x65,0xF4,0xAE,0xFC,0xF7,0xFC,0xFF,
    0xF9,0xFF,0x6A,0x7C,0x0B,0x7D,0x0D,0x86,0x6D,0x76,0x6B,0x66,0x29,0x56,0xCB,0x66,
    0x8A,0x5E,0x8A,0x66,0x8A,0x66,0x6B,0x66,0x8B,0x5E,0x8B,0x5E,0x8C,0x56,0xAC,0x56,
    0x10,0x6E,0x4E,0x65,0xFC,0xDF,0xFE,0xFF,0xDF,0xFF,0x3E,0xFF,0xDF,0xFF,0xDF,0xFF,
    0xFF,0xFF,0xDF,0xFF,0xBF,0xFF,0xBF,0xFF,0x7F,0xFF,0x19,0xDE,0xDF,0xFF,0x1D,0xEF,
    0x57,0xC6,0xDE,0xFF,0xDF,0xFF,0xDF,0xFF,0xFF,0xF7,0xFC,0xDF,0xF0,0x7D,0xCE,0x75,
    0xD0,0x8D,0x36,0xBE,0xBF,0xFF,0x3F,0xFF,0x5F,0xFF,0xFF,0xF7,0x6D,0x65,0xCE,0x76,
    0x8B,0x5E,0x8B,0x5E,0x8B,0x5E,0x8B,0x5E,0x8B,0x5E,0x8B,0x5E,0x8B,0x5E,0x8B,0x5E,
    0x8B,0x5E,0x8B,0x5E,0x8B,0x5E,0x8B,0x5E,0x8B,0x5E,0x8B,0x5E,0x8B,0x5E,0x8B,0x5E,
    0x8B,0x5E,0x8B,0x5E,0x8B,0x5E,0x8B,0x5E,0x8B,0x5E,0x8B,0x5E,0x8B,0x5E,0x8B,0x5E,
    0x8C,0x66,0x8B,0x66,0xAC,0x66,0xAC,0x66,0x6B,0x66,0x8C,0x66,0xAC,0x66,0x6B,0x5E,
    0x8B,0x66,0x8C,0x66,0x6B,0x5E,0x4B,0x5E,0x8B,0x66,0x8B,0x66,0x6B,0x5E,0x8B,0x66,
    0x49,0x6E,0x6A,0x6E,0x6B,0x66,0x8D,0x5E,0xAE,0x56,0xAD,0x4E,0xAC,0x56,0x8A,0x5E,
    0x28,0x7E,0x03,0x85,0x09,0xCE,0xC7,0xC4,0xF2,0xFE,0xB8,0xFF,0xFB,0xFF,0xB7,0xDE,
    0x2B,0x46,0xEE,0x5E,0xAC,0x5E,0xAC,0x5E,0x4B,0x5E,0x6B,0x76,0x2A,0x76,0x2A,0x6E,
    0x6B,0x6E,0x8C,0x66,0xAC,0x5E,0xAE,0x66,0x0D,0x66,0xB1,0x96,0xFA,0xEF,0xFA,0xF7,
    0xB5,0xFF,0xC9,0xAC,0xA8,0x94,0xAB,0x9D,0xCA,0x85,0x2A,0x76,0x6A,0x6E,0x8B,0x66,
    0x8B,0x66,0x8B,0x66,0x6B,0x66,0x8B,0x66,0x8B,0x5E,0x8B,0x5E,0x8B,0x5E,0x8B,0x5E,
    0x11,0x76,0x12,0x8E,0xFE,0xF7,0xBE,0xFF,0x9F,0xFF,0x3B,0xE6,0xBF,0xFF,0xBF,0xFF,
    0x3E,0xEF,0xDF,0xFF,0xBF,0xFF,0x3B,0xE6,0x9F,0xFF,0x1A,0xDE,0xF9,0xCD,0x7B,0xDE,
    0xFB,0xEE,0x3E,0xFF,0x3F,0xFF,0x7F,0xFF,0xDF,0xFF,0xFF,0xF7,0x13,0x96,0xD0,0x85,
    0x8D,0x6C,0x9D,0xF7,0x7F,0xFF,0x5F,0xFF,0x9F,0xFF,0xFF,0xF7,0xCF,0x75,0x2D,0x66,
    0x8B,0x5E,0x8B,0x5E,0x8B,0x5E,0x8B,0x5E,0x8B,0x5E,0x8B,0x5E,0x8B,0x5E,0x8B,0x5E,
    0x8B,0x5E,0x8B,0x5E,0x8B,0x5E,0x8B,0x5E,0x8B,0x5E,0x8B,0x5E,0x8B,0x5E,0x8B,0x5E,
    0x8B,0x5E,0x8B,0x5E,0x8B,0x5E,0x8B,0x5E,0x8B,0x5E,0x8B,0x5E,0x8B,0x5E,0x8B,0x5E,
    0x6B,0x66,0x6B,0x66,0x6B,0x66,0x6B,0x66,0x6B,0x66,0x6B,0x66,0x6B,0x66,0x6B,0x66,
    0x6B,0x66,0x6B,0x66,0x6B,0x66,0x6B,0x66,0x6B,0x66,0x6B,0x66,0x6B,0x66,0x6B,0x66,
    0x6A,0x6E,0xAB,0x6E,0x8C,0x5E,0x6C,0x56,0x8D,0x4E,0xAD,0x56,0xAC,0x5E,0x29,0x76,
    0x04,0x85,0xC3,0xAC,0x87,0xF5,0xA9,0xFD,0xE9,0xF4,0x4C,0xED,0x8F,0xDD,0x4B,0xA4,
    0xCC,0x4E,0xCC,0x4E,0xCC,0x4E,0xAC,0x4E,0xAC,0x56,0x8C,0x5E,0x6C,0x5E,0x6C,0x5E,
    0x6C,0x56,0xAD,0x5E,0xAD,0x5E,0x4C,0x56,0x4D,0x76,0xE9,0x6C,0x30,0xBE,0x51,0xD6,
    0x49,0xE5,0x28,0xD5,0x07,0xB5,0x27,0x9D,0x88,0x8D,0xE9,0x7D,0x2A,0x6E,0x4A,0x66,
    0x8B,0x5E,0x8B,0x5E,0x6B,0x5E,0x6B,0x66,0x6B,0x66,0x6B,0x66,0x8B,0x66,0x8B,0x66,
    0x51,0x7E,0x12,0x8E,0xFD,0xEF,0xFE,0xFF,0xDF,0xFF,0xD8,0xCD,0xFF,0xFF,0xFF,0xFF,
    0xBB,0xCE,0x9E,0xF7,0xDF,0xFF,0x19,0xDE,0x9F,0xFF,0xBF,0xFF,0xFD,0xEE,0xBF,0xFF,
    0xBE,0xFF,0xBF,0xFF,0x9F,0xFF,0x5F,0xFF,0xBF,0xFF,0xFF,0xF7,0x34,0x9E,0x11,0x8E,
    0xB9,0xD7,0xFE,0xFF,0x7F,0xFF,0x7F,0xFF,0xBF,0xFF,0xF9,0xCE,0x8D,0x65,0x6C,0x66,
    0x8B,0x5E,0x8B,0x5E,0x8B,0x5E,0x8B,0x5E,0x8B,0x5E,0x8B,0x5E,0x8B,0x5E,0x8B,0x5E,
    0x8B,0x5E,0x8B,0x5E,0x8B,0x5E,0x8B,0x5E,0x8B,0x5E,0x8B,0x5E,0x8B,0x5E,0x8B,0x5E,
    0x8B,0x5E,0x8B,0x5E,0x8B,0x5E,0x8B,0x5E,0x8B,0x5E,0x8B,0x5E,0x8B,0x5E,0x8B,0x5E,
    0x6B,0x66,0x6B,0x66,0x6B,0x66,0x6B,0x66,0x6B,0x66,0x6B,0x66,0x6B,0x66,0x6B,0x66,
    0x6B,0x66,0x6B,0x66,0x6B,0x66,0x6B,0x66,0x6B,0x66,0x6B,0x66,0x6B,0x66,0x6B,0x66,
    0x8A,0x5E,0xAB,0x5E,0xAC,0x5E,0x8D,0x56,0xAD,0x56,0x8D,0x5E,0x2A,0x66,0x86,0x6D,
    0xE7,0xAD,0xE6,0xDD,0x28,0xFE,0xC8,0xFD,0x47,0xFD,0xEC,0xFD,0x0D,0xE6,0xE9,0xAC,
    0xAA,0x5E,0xAA,0x5E,0xAB,0x56,0xAB,0x56,0xAB,0x56,0xAC,0x56,0x8C,0x56,0x8C,0x56,
    0x8C,0x56,0xAC,0x56,0xAC,0x5E,0x4A,0x5E,0x4B,0x7E,0x07,0x85,0x4E,0xD6,0x6F,0xF6,
    0x08,0xF6,0x69,0xF6,0xAA,0xE6,0x49,0xBE,0xA7,0x8D,0x86,0x6D,0x29,0x66,0xCC,0x6E,
    0x8C,0x5E,0x8C,0x5E,0x8C,0x5E,0x6C,0x5E,0x6B,0x66,0x6B,0x66,0x6B,0x6E,0x6A,0x6E,
    0xCD,0x65,0xCE,0x75,0xD8,0xCF,0xFB,0xF7,0xFD,0xFF,0xB8,0xD6,0xFE,0xF7,0xFE,0xEF,
    0x76,0xAE,0xFE,0xEF,0xFE,0xF7,0x16,0xBE,0xFE,0xFF,0xFE,0xFF,0x58,0xC6,0xFF,0xF7,
    0xFE,0xFF,0xDF,0xFF,0x9F,0xFF,0xBF,0xFF,0xFF,0xFF,0xFF,0xEF,0x57,0xB7,0xF9,0xCF,
    0xFA,0xDF,0xFC,0xF7,0xFF,0xFF,0xBF,0xFF,0x5C,0xE7,0x53,0x9E,0xEC,0x5D,0xAB,0x5E,
    0x8B,0x5E,0x8B,0x5E,0x8B,0x5E,0x8B,0x5E,0x8B,0x5E,0x8B,0x5E,0x8B,0x5E,0x8B,0x5E,
    0x8B,0x5E,0x8B,0x5E,0x8B,0x5E,0x8B,0x5E,0x8B,0x5E,0x8B,0x5E,0x8B,0x5E,0x8B,0x5E,
    0x8B,0x5E,0x8B,0x5E,0x8B,0x5E,0x8B,0x5E,0x8B,0x5E,0x8B,0x5E,0x8B,0x5E,0x8B,0x5E,
    0x6B,0x66,0x6B,0x66,0x6B,0x66,0x6B,0x66,0x6B,0x66,0x6B,0x66,0x6B,0x66,0x6B,0x66,
    0x6B,0x66,0x6B,0x66,0x6B,0x66,0x6B,0x66,0x6B,0x66,0x6B,0x66,0x6B,0x66,0x6B,0x66,
    0xAA,0x56,0xAB,0x56,0xAC,0x5E,0x8C,0x5E,0x8D,0x66,0x8C,0x66,0x09,0x66,0x65,0x6D,
    0x26,0x9E,0x46,0xC6,0x87,0xEE,0x47,0xEE,0x28,0xE6,0x6A,0xDE,0x29,0xB6,0x46,0x8D,
    0x68,0x76,0x69,0x6E,0x89,0x66,0x8A,0x5E,0x8A,0x5E,0x8B,0x5E,0x8B,0x5E,0x8C,0x5E,
    0x8B,0x5E,0xAB,0x5E,0xAA,0x5E,0x48,0x66,0x28,0x7E,0x05,0x85,0xE8,0xBD,0xC9,0xD5,
    0x67,0xE6,0xA7,0xDE,0xC8,0xCE,0x68,0xAE,0x07,0x86,0xE7,0x65,0x29,0x5E,0x8B,0x5E,
    0x8C,0x56,0x8C,0x56,0x8C,0x5E,0x6C,0x5E,0x6B,0x66,0x4B,0x6E,0x4A,0x6E,0x4A,0x6E,
    0x6C,0x66,0xAE,0x7E,0x6B,0x65,0xCE,0x85,0x10,0x9E,0x0D,0x7D,0xF9,0xD7,0xD8,0xC7,
    0xEC,0x64,0x31,0x8E,0x8F,0x7D,0x0D,0x75,0xFA,0xDF,0xFD,0xEF,0xB6,0xAE,0xFC,0xDF,
    0xFB,0xE7,0xFC,0xE7,0xFF,0xF7,0xFF,0xF7,0xFE,0xEF,0xF6,0xAE,0x4C,0x65,0xEC,0x6D,
    0xEC,0x6D,0x8D,0x75,0xD1,0x95,0xD2,0x9D,0x6F,0x85,0xAC,0x6D,0x8B,0x5E,0x0A,0x57,
    0x8B,0x5E,0x8B,0x5E,0x8B,0x5E,0x8B,0x5E,0x8B,0x5E,0x8B,0x5E,0x8B,0x5E,0x8B,0x5E,
    0x8B,0x5E,0x8B,0x5E,0x8B,0x5E,0x8B,0x5E,0x8B,0x5E,0x8B,0x5E,0x8B,0x5E,0x8B,0x5E,
    0x8B,0x5E,0x8B,0x5E,0x8B,0x5E,0x8B,0x5E,0x8B,0x5E,0x8B,0x5E,0x8B,0x5E,0x8B,0x5E,
    0x6B,0x66,0x6B,0x66,0x6B,0x66,0x6B,0x66,0x6B,0x66,0x6B,0x66,0x6B,0x66,0x6B,0x66,
    0x6B,0x66,0x6B,0x66,0x6B,0x66,0x6B,0x66,0x6B,0x66,0x6B,0x66,0x6B,0x66,0x6B,0x66,
    0xCB,0x56,0xCB,0x56,0x8B,0x5E,0x4C,0x66,0x4C,0x6E,0x6C,0x6E,0x4A,0x6E,0x28,0x6E,
    0x05,0x76,0x83,0x75,0x00,0x75,0x00,0x75,0x21,0x75,0x42,0x6D,0xA4,0x65,0x26,0x66,
    0x28,0x7E,0x48,0x76,0x69,0x6E,0x6A,0x66,0x8A,0x66,0x6B,0x66,0x6B,0x66,0x6B,0x66,
    0x6B,0x66,0x8B,0x66,0xAA,0x5E,0x88,0x5E,0x68,0x6E,0x64,0x6D,0xA5,0x8D,0x44,0x95,
    0x00,0x85,0xE0,0x7C,0x01,0x75,0x63,0x6D,0x06,0x6E,0x89,0x66,0xAB,0x5E,0xAC,0x56,
    0xAC,0x56,0xAC,0x56,0x8C,0x5E,0x6C,0x5E,0x6B,0x66,0x4B,0x6E,0x4A,0x6E,0x4A,0x76,
    0x49,0x56,0x4A,0x5E,0x4B,0x66,0x0B,0x6E,0x0C,0x7E,0xEC,0x75,0xCC,0x75,0x0D,0x76,
    0x2D,0x6E,0x2D,0x6E,0x0C,0x6E,0xCC,0x65,0x0D,0x76,0x50,0x86,0x0B,0x5D,0x6D,0x6D,
    0xEE,0x75,0xEF,0x7D,0xD0,0x85,0x6F,0x7D,0x6F,0x7D,0xCE,0x75,0xCB,0x5D,0x8C,0x6E,
    0x8C,0x6E,0x2C,0x6E,0x2E,0x76,0x2E,0x7E,0xEC,0x6D,0x6B,0x66,0xEA,0x5E,0xC7,0x46,
    0x8B,0x5E,0x8B,0x5E,0x8B,0x5E,0x8B,0x5E,0x8B,0x5E,0x8B,0x5E,0x8B,0x5E,0x8B,0x5E,
    0x8B,0x5E,0x8B,0x5E,0x8B,0x5E,0x8B,0x5E,0x8B,0x5E,0x8B,0x5E,0x8B,0x5E,0x8B,0x5E,
    0x8B,0x5E,0x8B,0x5E,0x8B,0x5E,0x8B,0x5E,0x8B,0x5E,0x8B,0x5E,0x8B,0x5E,0x8B,0x5E,
    0x6B,0x66,0x6B,0x66,0x6B,0x66,0x6B,0x66,0x6B,0x66,0x6B,0x66,0x6B,0x66,0x6B,0x66,
    0x6B,0x66,0x6B,0x66,0x6B,0x66,0x6B,0x66,0x6B,0x66,0x6B,0x66,0x6B,0x66,0x6B,0x66,
    0xCB,0x4E,0xAB,0x56,0x8B,0x66,0x2B,0x6E,0x0B,0x6E,0x4B,0x6E,0x8B,0x6E,0xAA,0x66,
    0x67,0x56,0x66,0x56,0x66,0x5E,0xA7,0x6E,0xE7,0x6E,0x86,0x5E,0x86,0x4E,0x08,0x57,
    0x2A,0x7E,0x4A,0x76,0x6A,0x6E,0x6B,0x66,0x8B,0x5E,0x6C,0x66,0x4C,0x66,0x4C,0x6E,
    0x4C,0x66,0x6B,0x66,0xAB,0x5E,0xAA,0x5E,0xCA,0x5E,0x48,0x5E,0x48,0x6E,0x07,0x6E,
    0x46,0x86,0x66,0x86,0x67,0x7E,0x68,0x76,0x68,0x66,0x89,0x5E,0x8A,0x56,0xAB,0x56,
    0xAC,0x56,0x8C,0x56,0x8C,0x5E,0x6C,0x5E,0x6B,0x66,0x6B,0x6E,0x4A,0x6E,0x4A,0x6E,
    0xAA,0x5E,0x2C,0x6F,0x4A,0x56,0x8B,0x66,0x6C,0x6E,0x2B,0x66,0x4B,0x6E,0x2B,0x66,
    0x8C,0x6E,0x09,0x56,0x8B,0x66,0xED,0x6E,0xC9,0x4D,0x6D,0x6E,0xEC,0x6D,0xEC,0x6D,
    0x2B,0x66,0x6D,0x6E,0x6E,0x7E,0xCD,0x6D,0xED,0x6D,0x4D,0x76,0x6C,0x6E,0x8B,0x66,
    0x6A,0x5E,0x6B,0x5E,0x4B,0x5E,0x2B,0x5E,0x8C,0x66,0xEB,0x66,0xE9,0x5E,0xC8,0x4E,
    0x8B,0x5E,0x8B,0x5E,0x8B,0x5E,0x8B,0x5E,0x8B,0x5E,0x8B,0x5E,0x8B,0x5E,0x8B,0x5E,
};